,COUNTY,STUDENTS_TESTED,EXAM_COUNT,EXAMS_3_OR_ABOVE,PERCENT_3_OR_ABOVE,Year,population,per_capita_income,closest_five_r1r2_avg,closest_five_public_avg,closest_five_private_nfp_avg,closest_five_landgrnt_avg,closest_five_stem_avg,closest_five_avg_enrollment_r1r2,closest_five_avg_enrollment_public,closest_five_avg_enrollment_private_nfp,closest_five_avg_enrollment_landgrnt,closest_five_avg_enrollment_stem
0,Adams,45,76,22,28.94736842105263,2018,20533,39048,195.93034483827273,90.3059683242695,101.06184967920498,223.09566341534696,171.5877411503718,27064.0,19895.2,2104.8,22515.6,18673.8
1,Ashland,30,40,25,62.5,2018,16013,38879,330.98578902119164,94.5946388743082,154.49318357066562,172.8514469913042,303.87840879144244,32411.8,4791.8,1589.6,13358.4,24446.6
2,Barron,132,196,101,51.53061224489796,2018,46385,47650,315.00157279089365,56.85004007741761,104.64589013973045,180.02326154741576,265.872638081901,33726.6,8040.4,2396.0,13358.4,24446.6
3,Bayfield,10,14,9,64.28571428571429,2018,15872,46098,349.98035803121195,73.93703301193929,142.59665576012668,176.4948304742084,316.18328144161103,32768.4,4791.8,1589.6,13358.4,27023.8
4,Brown,2207,3378,2356,69.74541148608644,2018,266371,51548,208.4170556889615,38.004831941265586,40.09954816868267,221.31581182283435,184.90692312547975,27215.0,13383.6,2012.2,9798.8,23576.2
5,Buffalo,26,32,18,56.25,2018,13362,44800,264.1250646744694,52.61241544208864,81.81416096232454,213.09854974921458,209.55981853128523,38801.2,9060.2,3356.2,22900.8,36552.6
6,Burnett,71,91,35,38.46153846153846,2018,16152,41510,316.2351025500293,75.81583398762483,100.14389936497341,167.1322359637191,279.36243474620335,29539.6,2811.2,3143.2,13351.4,20245.0
7,Calumet,130,187,110,58.8235294117647,2018,51941,49076,169.10603391494763,37.03987222086711,38.136425378038346,229.30197687711106,145.2072742952186,27215.0,12610.2,2012.2,9798.8,23576.2
8,Chippewa,434,592,424,71.62162162162163,2018,65342,44918,286.7520530582044,55.44499356096644,135.73008091275156,186.29717761027297,245.38479799603766,32411.8,8930.8,3285.6,22900.8,24446.6
9,Clark,21,29,13,44.82758620689656,2018,34674,41790,259.8179100022295,68.98039389372263,150.9106707245719,196.33455464000053,230.2665588855569,32411.8,9616.4,2753.8,22900.8,25409.6
10,Columbia,320,453,291,64.23841059602648,2018,57966,49975,135.27816808692086,67.44202725314635,55.56772755800231,250.68445210973164,117.10975765765238,27064.0,21313.6,2079.0,22527.0,22189.6
11,Crawford,223,363,121,33.33333333333334,2018,16269,41435,206.04855332819162,63.643277842492196,77.83068854373136,242.47829239297272,185.12663944898227,28789.0,7159.2,2638.8,29555.6,20823.8
12,Dane,5482,9693,7087,73.11461879707005,2018,550334,59885,113.19390583515133,44.51026484049048,43.37576601468714,253.74938609764757,99.56996589774667,27064.0,19050.4,1787.8,31010.0,22189.6
13,Dodge,361,559,311,55.6350626118068,2018,89380,43251,111.7582124574601,58.968630730095335,43.96090068980069,250.9527143869214,91.02022259584844,27064.0,19734.6,1646.0,20856.2,22189.6
14,Door,135,248,167,67.33870967741936,2018,29400,58605,241.87413493257245,91.8089803261601,110.31366829902068,222.99786319911428,232.2137338849381,24162.2,9312.6,1900.4,9830.8,14895.6
15,Douglas,276,387,229,59.17312661498708,2018,43824,42148,337.00064222518756,48.20181457480614,124.83297404564921,162.6911407360965,306.33186641798926,30188.6,4968.2,2474.2,13340.0,27023.8
16,Dunn,121,184,128,69.56521739130434,2018,45140,39898,293.54675026759503,38.64306133545227,96.67618727707,193.76214279258178,242.8252609760621,37838.2,9244.4,2978.6,22900.8,31210.8
17,Eau Claire,701,1328,1045,78.68975903614458,2018,104755,47522,278.33137522289354,52.432921340846676,119.05130231818472,195.28225392899736,233.3662487424528,32411.8,9517.4,2573.0,22900.8,25409.6
18,Fond du Lac,425,620,357,57.58064516129032,2018,103754,47523,138.06814627980958,48.474947043327674,41.61006095482039,240.0330402090718,114.86992618481513,27064.0,11803.4,1828.4,9798.8,23576.2
19,Forest,20,20,18,90.0,2018,9165,40632,281.7229033494697,100.0583915372114,161.88581814502223,203.51983002956288,269.6016504624621,32411.8,2797.4,1136.8,10172.6,19959.4
20,Grant,306,447,229,51.23042505592841,2018,52258,42848,181.62282196217143,70.55395115050254,40.81654220509558,260.10191493449,172.19338679331935,28789.0,13835.0,1105.8,29555.6,20823.8
21,Green,158,227,159,70.04405286343612,2018,37194,49999,123.36798765749488,51.78691953458455,56.823447650023084,257.31226623460617,115.7979296083704,27064.0,16532.4,1905.4,37965.6,22189.6
22,Green Lake,24,32,16,50.0,2018,18946,43950,153.06224780022362,66.67374476389155,57.51472488243461,237.88996681587705,131.9352708906823,27064.0,22050.4,1916.0,9798.8,22189.6
23,Iowa,98,142,91,64.08450704225352,2018,23746,47340,155.10539963730685,59.47272625457708,68.60064828175726,256.0124031879045,151.74926437143307,28789.0,16490.0,1801.8,29555.6,22189.6
24,Iron,18,34,9,26.47058823529412,2018,6015,46216,319.47365567289535,101.70657959402322,171.9464784637011,178.58066262211142,299.5362418657718,32411.8,1840.6,2237.6,13358.4,24446.6
25,Jackson,78,113,42,37.16814159292036,2018,20878,45077,246.10019259094906,68.58275830177354,117.02861300611343,209.2389588359486,211.6930491959527,37753.6,8636.6,2858.8,22900.8,25409.6
26,Jefferson,669,1087,644,59.24563017479301,2018,84974,45504,90.94951908783904,41.34748453721586,33.93093602720362,249.10673327432823,75.21646373946484,27064.0,19050.4,1825.6,30937.0,22189.6
27,Juneau,91,106,41,38.67924528301887,2018,26489,38342,207.39428909565572,90.91851882705508,108.48626826948944,225.7457529047992,180.11134113979944,34642.0,10093.6,3446.2,22515.6,18673.8
28,Kenosha,1502,2460,1530,62.19512195121951,2018,168629,46959,65.10796713027324,26.163846561628766,28.291110568834732,241.44738712692575,59.6288905509688,22836.2,10559.6,1313.4,41983.0,17948.4
29,Kewaunee,181,270,151,55.92592592592592,2018,20497,46427,213.23032259111227,58.183914415923766,62.52563651580035,226.65524116748756,191.9389946764046,27779.0,9741.8,2012.2,9830.8,22904.6
30,La Crosse,817,1493,986,66.04152712659075,2018,120142,48561,235.29676177557207,55.50836895446614,78.16756706218436,223.57829150830085,200.28470606124682,37753.6,8716.8,4055.0,29555.6,29788.4
31,Lafayette,87,128,54,42.1875,2018,16631,42307,149.7774986263018,59.77450256317902,49.4141301563835,265.93372511396245,147.38348186299172,28789.0,16490.0,1105.8,40912.2,23072.4
32,Langlade,66,81,32,39.50617283950617,2018,19503,42483,261.51280987801493,72.221811073304,140.45640177527508,195.1342138110614,247.8166433285935,32411.8,5166.0,1464.4,10172.6,19959.4
33,Lincoln,165,222,142,63.96396396396396,2018,28346,44625,266.6929803066052,70.97588279277339,168.31278817262628,188.91376409436384,259.86853516083323,32411.8,5166.0,1202.8,10172.6,24446.6
34,Manitowoc,244,347,166,47.83861671469741,2018,80956,45365,175.1076344393462,47.04251987306933,44.84428590497161,228.23543841049428,152.0647465985946,27215.0,13383.6,2012.2,20771.8,23576.2
35,Marathon,712,1150,759,66.0,2018,137418,49349,249.64760267367564,54.761612680304516,145.55827914290506,194.12161239906064,239.04782367788317,32411.8,5166.0,1464.4,22515.6,18673.8
36,Marinette,118,141,61,43.26241134751773,2018,41708,43834,264.01353776755695,92.47459439019757,137.43842007643764,213.73287706365363,250.53478460827486,24162.2,5986.8,2012.2,9903.8,19959.4
37,Marquette,34,55,27,49.09090909090909,2018,15397,40876,166.87662565765564,78.284590326395,74.2544277848498,232.6024759551396,146.83531199950266,27064.0,20271.6,2079.0,22515.6,22189.6
38,Milwaukee,5631,9920,5559,56.0383064516129,2018,942669,46735,71.19252637784999,18.134395807623388,4.867456100498113,237.5250127472056,48.86156104494462,27215.0,14949.8,3653.6,30553.4,17948.4
39,Monroe,181,316,180,56.96202531645569,2018,45972,41319,224.15992611239872,75.82546159831425,107.19049030266619,223.83802875038367,199.1617380261679,37753.6,8080.0,3677.4,29555.6,25409.6
40,Oconto,103,126,56,44.44444444444444,2018,38438,45239,246.2581547477486,68.96733079196557,98.85618812139928,209.64087356164472,226.17882329489893,24162.2,10687.2,1786.2,9798.8,19959.4
41,Oneida,192,296,193,65.20270270270271,2018,37118,48517,282.08425712652644,87.4599953708799,173.4151364273692,190.13031577001794,277.17574144523553,32411.8,3509.2,1136.8,10172.6,24446.6
42,Outagamie,1924,3321,2284,68.774465522433,2018,188719,50212,205.6918988722453,37.13399971310438,46.938255367039446,215.11485526188608,181.71415726560997,27215.0,12524.2,1464.4,9798.8,23576.2
43,Ozaukee,1643,3136,2437,77.71045918367346,2018,90548,80891,100.21166202914227,43.37425658202723,29.32134395424911,237.8547206917091,76.70289005775142,27215.0,13718.0,2760.4,30553.4,23576.2
44,Pepin,55,93,48,51.61290322580645,2018,7329,47940,276.83794164126266,45.04485778012405,84.61925967739089,207.8698298453315,217.40368978534326,38801.2,8652.2,2959.6,22900.8,36552.6
45,Pierce,349,488,330,67.62295081967213,2018,42213,45767,276.98957975086034,37.92078918210698,63.587822136249954,210.48020940768555,222.59192093553165,39068.4,5691.2,3999.8,22900.8,36552.6
46,Polk,215,312,220,70.51282051282051,2018,44561,45265,306.3678007955869,63.70191677430647,65.45374612059193,179.9242589141726,263.83571009331416,29539.6,7454.2,3076.6,13381.6,26934.4
47,Portage,509,754,549,72.81167108753316,2018,70476,45576,230.30724225414647,58.623945168444436,106.97014707782012,204.86361892526293,200.6412253742997,34642.0,8491.8,1464.4,22515.6,18673.8
48,Price,70,93,61,65.59139784946237,2018,13998,43529,290.3309993715549,90.39463787721198,181.16768137992057,174.54338090917523,269.07269871310166,32411.8,3687.0,2642.8,13358.4,24446.6
49,Racine,1124,2161,1266,58.58398889403054,2018,197734,48550,68.74729654967747,27.02613083673669,25.61666124169933,242.0828853781258,55.874363007698626,22836.2,9855.0,1918.8,30553.4,17948.4
50,Richland,52,78,54,69.23076923076923,2018,17435,42774,185.38558572807074,74.32514024486177,92.69998485810554,238.49486575680953,176.7627564452676,28789.0,15646.6,2136.0,29555.6,18673.8
51,Rock,1168,1949,1114,57.15751667521806,2018,163319,43382,96.17024905065145,38.09411972161318,39.448283976742296,253.57137741942142,88.46745256771263,27064.0,18882.4,1110.0,30937.0,22189.6
52,Rusk,30,34,7,20.58823529411765,2018,14177,43950,297.72760856330433,70.47963444407858,150.35902086886412,171.81731878181003,260.8753918650209,32411.8,8040.4,2877.6,13358.4,24446.6
53,St. Croix,1083,1798,1293,71.91323692992214,2018,91288,54844,293.93475406430724,42.726366606542086,54.009246152701145,198.5978750459908,240.2735846869998,33726.6,8962.2,2956.0,13381.6,32441.0
54,Sauk,603,894,507,56.71140939597316,2018,65344,47817,165.65727708629174,79.05076157082138,87.10756926427962,241.07777857296597,150.84126896782035,28789.0,18208.8,2322.8,29555.6,22189.6
55,Sawyer,47,49,22,44.89795918367347,2018,17551,42125,317.3264664170537,84.16285079706873,142.61681104979988,160.56769353878659,281.54724560156944,32411.8,4520.8,2474.2,13358.4,24446.6
56,Shawano,94,115,47,40.8695652173913,2018,40725,42033,236.26844049654773,55.49473966088938,85.91967850099192,204.04549159767015,213.62186308102864,24833.8,10706.4,1464.4,9798.8,19959.4
57,Sheboygan,499,693,425,61.32756132756133,2018,117363,51168,133.01308433042982,53.73005605204346,47.683997269734334,235.73103778964924,109.55333746998845,27215.0,12195.6,2999.6,20771.8,23576.2
58,Taylor,119,166,93,56.02409638554217,2018,20013,39947,272.65348023663984,82.93666344766032,172.21162741609473,186.6191334005909,249.2534360543903,32411.8,8069.4,2484.4,13358.4,24446.6
59,Trempealeau,171,237,136,57.38396624472574,2018,30361,43135,258.02598814107586,52.889487968115155,89.96342840876937,212.1647840382072,213.158723747494,37753.6,10050.2,3123.2,22900.8,29788.4
60,Vernon,103,154,97,62.98701298701299,2018,30650,40802,217.34943766339399,65.89896408927977,89.22739066358295,230.58637156083455,194.21830076331946,37753.6,6998.8,3981.8,29555.6,19556.6
61,Vilas,98,182,131,71.97802197802197,2018,22523,52403,299.55259963953927,98.17536598767973,180.55037641719173,191.73521551600257,292.74841897802617,32411.8,4026.2,1831.0,13358.4,24446.6
62,Walworth,945,1468,878,59.80926430517711,2018,105618,48265,80.318504989087,41.792822352351,39.35546269057555,244.9035791877165,72.50675830883941,27064.0,9997.4,1043.4,30937.0,22189.6
63,Washburn,38,45,23,51.11111111111112,2018,16560,45229,326.7784642154609,73.43331641609964,118.04483697665803,167.16517431528422,283.78629290340416,29539.6,2811.2,2474.2,13358.4,27023.8
64,Washington,1626,3040,2344,77.10526315789474,2018,135890,57756,99.9929000280153,43.88570655314947,34.16542758365905,242.50551541319618,76.11071747913626,27215.0,13718.0,2207.4,30553.4,23576.2
65,Waukesha,6567,11729,8535,72.76835194816267,2018,403616,71073,79.91713809677859,28.860387142071296,14.591752489934246,243.61413933857543,59.52669308128797,27215.0,15274.4,1273.2,30553.4,23576.2
66,Waupaca,264,382,166,43.45549738219896,2018,51917,44466,217.2554156862008,54.55322689469731,72.77530774028591,212.07104752737965,194.83394656497293,27064.0,12265.2,1464.4,22515.6,22189.6
67,Waushara,64,91,44,48.35164835164835,2018,24401,40346,188.2995819649987,69.32543692317606,79.51670337324121,221.59188923085426,166.84288194763207,27064.0,10705.2,2084.0,22515.6,22189.6
68,Winnebago,882,1137,750,65.96306068601584,2018,170879,47336,171.04519820497592,42.65930563760334,44.71773618129166,226.36923808161782,148.47561934155095,27064.0,12610.2,1996.4,9798.8,23576.2
69,Wood,667,1236,931,75.32362459546925,2018,74085,45262,236.53194281605465,74.11431693169936,132.13885245274054,204.4549882400789,210.08542613087815,34642.0,8230.0,2873.8,22515.6,18673.8
70,Adams,38,75,20,26.66666666666667,2019,20431,41159,195.93034483827273,90.3059683242695,101.06184967920498,223.09566341534696,171.5877411503718,27064.0,19895.2,2104.8,22515.6,18673.8
71,Ashland,20,29,14,48.27586206896552,2019,16021,40644,330.98578902119164,94.5946388743082,154.49318357066562,172.8514469913042,303.87840879144244,32411.8,4791.8,1589.6,13358.4,24446.6
72,Barron,140,208,108,51.92307692307692,2019,46645,49537,315.00157279089365,56.85004007741761,104.64589013973045,180.02326154741576,265.872638081901,33726.6,8040.4,2396.0,13358.4,24446.6
73,Bayfield,16,17,8,47.05882352941177,2019,16062,47552,349.98035803121195,73.93703301193929,142.59665576012668,176.4948304742084,316.18328144161103,32768.4,4791.8,1589.6,13358.4,27023.8
74,Brown,2201,3473,2340,67.37690757270371,2019,267706,52810,208.4170556889615,38.004831941265586,40.09954816868267,221.31581182283435,184.90692312547975,27215.0,13383.6,2012.2,9798.8,23576.2
75,Buffalo,36,49,34,69.38775510204081,2019,13275,45410,264.1250646744694,52.61241544208864,81.81416096232454,213.09854974921458,209.55981853128523,38801.2,9060.2,3356.2,22900.8,36552.6
76,Burnett,64,95,63,66.3157894736842,2019,16313,42889,316.2351025500293,75.81583398762483,100.14389936497341,167.1322359637191,279.36243474620335,29539.6,2811.2,3143.2,13351.4,20245.0
77,Calumet,176,246,163,66.26016260162602,2019,52167,50860,169.10603391494763,37.03987222086711,38.136425378038346,229.30197687711106,145.2072742952186,27215.0,12610.2,2012.2,9798.8,23576.2
78,Chippewa,430,552,378,68.47826086956522,2019,66104,46601,286.7520530582044,55.44499356096644,135.73008091275156,186.29717761027297,245.38479799603766,32411.8,8930.8,3285.6,22900.8,24446.6
79,Clark,18,23,6,26.08695652173913,2019,34714,43554,259.8179100022295,68.98039389372263,150.9106707245719,196.33455464000053,230.2665588855569,32411.8,9616.4,2753.8,22900.8,25409.6
80,Columbia,368,532,316,59.3984962406015,2019,58314,52498,135.27816808692086,67.44202725314635,55.56772755800231,250.68445210973164,117.10975765765238,27064.0,21313.6,2079.0,22527.0,22189.6
81,Crawford,205,339,152,44.8377581120944,2019,16186,42843,206.04855332819162,63.643277842492196,77.83068854373136,242.47829239297272,185.12663944898227,28789.0,7159.2,2638.8,29555.6,20823.8
82,Dane,5612,9786,6978,71.30594727161251,2019,556559,62819,113.19390583515133,44.51026484049048,43.37576601468714,253.74938609764757,99.56996589774667,27064.0,19050.4,1787.8,31010.0,22189.6
83,Dodge,299,513,363,70.76023391812865,2019,89399,44894,111.7582124574601,58.968630730095335,43.96090068980069,250.9527143869214,91.02022259584844,27064.0,19734.6,1646.0,20856.2,22189.6
84,Door,126,204,134,65.68627450980392,2019,29741,60425,241.87413493257245,91.8089803261601,110.31366829902068,222.99786319911428,232.2137338849381,24162.2,9312.6,1900.4,9830.8,14895.6
85,Douglas,256,351,215,61.25356125356125,2019,44035,43978,337.00064222518756,48.20181457480614,124.83297404564921,162.6911407360965,306.33186641798926,30188.6,4968.2,2474.2,13340.0,27023.8
86,Dunn,153,248,155,62.5,2019,45389,41238,293.54675026759503,38.64306133545227,96.67618727707,193.76214279258178,242.8252609760621,37838.2,9244.4,2978.6,22900.8,31210.8
87,Eau Claire,667,1304,928,71.16564417177914,2019,105002,49058,278.33137522289354,52.432921340846676,119.05130231818472,195.28225392899736,233.3662487424528,32411.8,9517.4,2573.0,22900.8,25409.6
88,Fond du Lac,478,744,431,57.93010752688172,2019,104175,49496,138.06814627980958,48.474947043327674,41.61006095482039,240.0330402090718,114.86992618481513,27064.0,11803.4,1828.4,9798.8,23576.2
89,Forest,20,20,14,70.0,2019,9219,41094,281.7229033494697,100.0583915372114,161.88581814502223,203.51983002956288,269.6016504624621,32411.8,2797.4,1136.8,10172.6,19959.4
90,Grant,291,449,243,54.12026726057906,2019,52358,44259,181.62282196217143,70.55395115050254,40.81654220509558,260.10191493449,172.19338679331935,28789.0,13835.0,1105.8,29555.6,20823.8
91,Green,148,220,151,68.63636363636364,2019,37219,52120,123.36798765749488,51.78691953458455,56.823447650023084,257.31226623460617,115.7979296083704,27064.0,16532.4,1905.4,37965.6,22189.6
92,Green Lake,19,25,18,72.0,2019,18997,44225,153.06224780022362,66.67374476389155,57.51472488243461,237.88996681587705,131.9352708906823,27064.0,22050.4,1916.0,9798.8,22189.6
93,Iowa,110,150,89,59.33333333333334,2019,23688,49996,155.10539963730685,59.47272625457708,68.60064828175726,256.0124031879045,151.74926437143307,28789.0,16490.0,1801.8,29555.6,22189.6
94,Iron,17,22,14,63.63636363636363,2019,6076,47550,319.47365567289535,101.70657959402322,171.9464784637011,178.58066262211142,299.5362418657718,32411.8,1840.6,2237.6,13358.4,24446.6
95,Jackson,68,97,43,44.32989690721649,2019,21109,44857,246.10019259094906,68.58275830177354,117.02861300611343,209.2389588359486,211.6930491959527,37753.6,8636.6,2858.8,22900.8,25409.6
96,Jefferson,609,984,625,63.51626016260163,2019,84696,47305,90.94951908783904,41.34748453721586,33.93093602720362,249.10673327432823,75.21646373946484,27064.0,19050.4,1825.6,30937.0,22189.6
97,Juneau,83,108,46,42.5925925925926,2019,26564,39955,207.39428909565572,90.91851882705508,108.48626826948944,225.7457529047992,180.11134113979944,34642.0,10093.6,3446.2,22515.6,18673.8
98,Kenosha,1600,2471,1458,59.00445163901254,2019,169279,48910,65.10796713027324,26.163846561628766,28.291110568834732,241.44738712692575,59.6288905509688,22836.2,10559.6,1313.4,41983.0,17948.4
99,Kewaunee,140,186,114,61.29032258064516,2019,20596,48131,213.23032259111227,58.183914415923766,62.52563651580035,226.65524116748756,191.9389946764046,27779.0,9741.8,2012.2,9830.8,22904.6
100,La Crosse,765,1297,792,61.06399383191982,2019,120305,50675,235.29676177557207,55.50836895446614,78.16756706218436,223.57829150830085,200.28470606124682,37753.6,8716.8,4055.0,29555.6,29788.4
101,Lafayette,77,108,54,50.0,2019,16636,43681,149.7774986263018,59.77450256317902,49.4141301563835,265.93372511396245,147.38348186299172,28789.0,16490.0,1105.8,40912.2,23072.4
102,Langlade,55,81,45,55.55555555555556,2019,19504,43888,261.51280987801493,72.221811073304,140.45640177527508,195.1342138110614,247.8166433285935,32411.8,5166.0,1464.4,10172.6,19959.4
103,Lincoln,198,306,197,64.37908496732027,2019,28335,45760,266.6929803066052,70.97588279277339,168.31278817262628,188.91376409436384,259.86853516083323,32411.8,5166.0,1202.8,10172.6,24446.6
104,Manitowoc,231,304,187,61.51315789473684,2019,81060,46754,175.1076344393462,47.04251987306933,44.84428590497161,228.23543841049428,152.0647465985946,27215.0,13383.6,2012.2,20771.8,23576.2
105,Marathon,785,1284,839,65.34267912772586,2019,137875,51696,249.64760267367564,54.761612680304516,145.55827914290506,194.12161239906064,239.04782367788317,32411.8,5166.0,1464.4,22515.6,18673.8
106,Marinette,67,79,41,51.89873417721519,2019,41717,44745,264.01353776755695,92.47459439019757,137.43842007643764,213.73287706365363,250.53478460827486,24162.2,5986.8,2012.2,9903.8,19959.4
107,Marquette,18,24,15,62.5,2019,15541,42737,166.87662565765564,78.284590326395,74.2544277848498,232.6024759551396,146.83531199950266,27064.0,20271.6,2079.0,22515.6,22189.6
108,Milwaukee,5199,9050,5552,61.34806629834255,2019,941127,47898,71.19252637784999,18.134395807623388,4.867456100498113,237.5250127472056,48.86156104494462,27215.0,14949.8,3653.6,30553.4,17948.4
109,Monroe,159,295,136,46.10169491525424,2019,46418,41990,224.15992611239872,75.82546159831425,107.19049030266619,223.83802875038367,199.1617380261679,37753.6,8080.0,3677.4,29555.6,25409.6
110,Oconto,65,74,30,40.54054054054054,2019,38660,47085,246.2581547477486,68.96733079196557,98.85618812139928,209.64087356164472,226.17882329489893,24162.2,10687.2,1786.2,9798.8,19959.4
111,Oneida,221,356,227,63.76404494382022,2019,37491,49348,282.08425712652644,87.4599953708799,173.4151364273692,190.13031577001794,277.17574144523553,32411.8,3509.2,1136.8,10172.6,24446.6
112,Outagamie,1923,3279,2285,69.68587984141507,2019,189848,52233,205.6918988722453,37.13399971310438,46.938255367039446,215.11485526188608,181.71415726560997,27215.0,12524.2,1464.4,9798.8,23576.2
113,Ozaukee,1675,3158,2398,75.9341355288157,2019,90998,83681,100.21166202914227,43.37425658202723,29.32134395424911,237.8547206917091,76.70289005775142,27215.0,13718.0,2760.4,30553.4,23576.2
114,Pepin,41,63,36,57.14285714285715,2019,7326,49331,276.83794164126266,45.04485778012405,84.61925967739089,207.8698298453315,217.40368978534326,38801.2,8652.2,2959.6,22900.8,36552.6
115,Pierce,339,454,296,65.19823788546256,2019,42323,48431,276.98957975086034,37.92078918210698,63.587822136249954,210.48020940768555,222.59192093553165,39068.4,5691.2,3999.8,22900.8,36552.6
116,Polk,243,336,197,58.63095238095238,2019,44811,46469,306.3678007955869,63.70191677430647,65.45374612059193,179.9242589141726,263.83571009331416,29539.6,7454.2,3076.6,13381.6,26934.4
117,Portage,470,692,420,60.69364161849711,2019,70377,47742,230.30724225414647,58.623945168444436,106.97014707782012,204.86361892526293,200.6412253742997,34642.0,8491.8,1464.4,22515.6,18673.8
118,Price,67,92,52,56.52173913043478,2019,14050,44989,290.3309993715549,90.39463787721198,181.16768137992057,174.54338090917523,269.07269871310166,32411.8,3687.0,2642.8,13358.4,24446.6
119,Racine,1043,1801,1056,58.6340921710161,2019,197753,49886,68.74729654967747,27.02613083673669,25.61666124169933,242.0828853781258,55.874363007698626,22836.2,9855.0,1918.8,30553.4,17948.4
120,Richland,84,122,57,46.72131147540984,2019,17333,44098,185.38558572807074,74.32514024486177,92.69998485810554,238.49486575680953,176.7627564452676,28789.0,15646.6,2136.0,29555.6,18673.8
121,Rock,1112,1780,1050,58.98876404494382,2019,163681,45500,96.17024905065145,38.09411972161318,39.448283976742296,253.57137741942142,88.46745256771263,27064.0,18882.4,1110.0,30937.0,22189.6
122,Rusk,19,19,9,47.36842105263158,2019,14228,44563,297.72760856330433,70.47963444407858,150.35902086886412,171.81731878181003,260.8753918650209,32411.8,8040.4,2877.6,13358.4,24446.6
123,St. Croix,1009,1599,1102,68.91807379612257,2019,92467,57249,293.93475406430724,42.726366606542086,54.009246152701145,198.5978750459908,240.2735846869998,33726.6,8962.2,2956.0,13381.6,32441.0
124,Sauk,674,1046,612,58.50860420650096,2019,65586,52266,165.65727708629174,79.05076157082138,87.10756926427962,241.07777857296597,150.84126896782035,28789.0,18208.8,2322.8,29555.6,22189.6
125,Sawyer,74,80,32,40.0,2019,17798,44727,317.3264664170537,84.16285079706873,142.61681104979988,160.56769353878659,281.54724560156944,32411.8,4520.8,2474.2,13358.4,24446.6
126,Shawano,92,118,41,34.74576271186441,2019,40794,43883,236.26844049654773,55.49473966088938,85.91967850099192,204.04549159767015,213.62186308102864,24833.8,10706.4,1464.4,9798.8,19959.4
127,Sheboygan,515,696,417,59.91379310344828,2019,117703,51959,133.01308433042982,53.73005605204346,47.683997269734334,235.73103778964924,109.55333746998845,27215.0,12195.6,2999.6,20771.8,23576.2
128,Taylor,85,126,75,59.52380952380953,2019,19966,42738,272.65348023663984,82.93666344766032,172.21162741609473,186.6191334005909,249.2534360543903,32411.8,8069.4,2484.4,13358.4,24446.6
129,Trempealeau,138,187,106,56.68449197860963,2019,30577,43676,258.02598814107586,52.889487968115155,89.96342840876937,212.1647840382072,213.158723747494,37753.6,10050.2,3123.2,22900.8,29788.4
130,Vernon,107,153,99,64.70588235294117,2019,30736,42120,217.34943766339399,65.89896408927977,89.22739066358295,230.58637156083455,194.21830076331946,37753.6,6998.8,3981.8,29555.6,19556.6
131,Vilas,88,139,110,79.13669064748201,2019,22804,52857,299.55259963953927,98.17536598767973,180.55037641719173,191.73521551600257,292.74841897802617,32411.8,4026.2,1831.0,13358.4,24446.6
132,Walworth,931,1439,876,60.87560806115358,2019,106228,51036,80.318504989087,41.792822352351,39.35546269057555,244.9035791877165,72.50675830883941,27064.0,9997.4,1043.4,30937.0,22189.6
133,Washburn,39,45,24,53.33333333333334,2019,16569,47312,326.7784642154609,73.43331641609964,118.04483697665803,167.16517431528422,283.78629290340416,29539.6,2811.2,2474.2,13358.4,27023.8
134,Washington,1532,2750,2037,74.07272727272728,2019,136608,59323,99.9929000280153,43.88570655314947,34.16542758365905,242.50551541319618,76.11071747913626,27215.0,13718.0,2207.4,30553.4,23576.2
135,Waukesha,6586,11506,8412,73.109681905093,2019,405563,73569,79.91713809677859,28.860387142071296,14.591752489934246,243.61413933857543,59.52669308128797,27215.0,15274.4,1273.2,30553.4,23576.2
136,Waupaca,242,371,197,53.09973045822103,2019,51830,46260,217.2554156862008,54.55322689469731,72.77530774028591,212.07104752737965,194.83394656497293,27064.0,12265.2,1464.4,22515.6,22189.6
137,Waushara,84,128,51,39.84375,2019,24563,41135,188.2995819649987,69.32543692317606,79.51670337324121,221.59188923085426,166.84288194763207,27064.0,10705.2,2084.0,22515.6,22189.6
138,Winnebago,1012,1338,939,70.17937219730942,2019,171875,48651,171.04519820497592,42.65930563760334,44.71773618129166,226.36923808161782,148.47561934155095,27064.0,12610.2,1996.4,9798.8,23576.2
139,Wood,689,1303,914,70.1458173445894,2019,74205,47142,236.53194281605465,74.11431693169936,132.13885245274054,204.4549882400789,210.08542613087815,34642.0,8230.0,2873.8,22515.6,18673.8
140,Adams,24,39,6,15.38461538461538,2020,20675,43993,195.93034483827273,90.3059683242695,101.06184967920498,223.09566341534696,171.5877411503718,27064.0,19895.2,2104.8,22515.6,18673.8
141,Ashland,31,39,10,25.64102564102564,2020,16018,43573,330.98578902119164,94.5946388743082,154.49318357066562,172.8514469913042,303.87840879144244,32411.8,4791.8,1589.6,13358.4,24446.6
142,Barron,143,233,107,45.92274678111588,2020,46714,54519,315.00157279089365,56.85004007741761,104.64589013973045,180.02326154741576,265.872638081901,33726.6,8040.4,2396.0,13358.4,24446.6
143,Bayfield,7,7,3,42.85714285714285,2020,16233,49990,349.98035803121195,73.93703301193929,142.59665576012668,176.4948304742084,316.18328144161103,32768.4,4791.8,1589.6,13358.4,27023.8
144,Brown,1856,2933,1963,66.92806000681895,2020,268921,56965,208.4170556889615,38.004831941265586,40.09954816868267,221.31581182283435,184.90692312547975,27215.0,13383.6,2012.2,9798.8,23576.2
145,Buffalo,17,23,12,52.17391304347826,2020,13319,49669,264.1250646744694,52.61241544208864,81.81416096232454,213.09854974921458,209.55981853128523,38801.2,9060.2,3356.2,22900.8,36552.6
146,Burnett,39,54,31,57.4074074074074,2020,16579,45180,316.2351025500293,75.81583398762483,100.14389936497341,167.1322359637191,279.36243474620335,29539.6,2811.2,3143.2,13351.4,20245.0
147,Calumet,165,223,126,56.50224215246637,2020,52462,54563,169.10603391494763,37.03987222086711,38.136425378038346,229.30197687711106,145.2072742952186,27215.0,12610.2,2012.2,9798.8,23576.2
148,Chippewa,395,521,329,63.14779270633397,2020,66337,50119,286.7520530582044,55.44499356096644,135.73008091275156,186.29717761027297,245.38479799603766,32411.8,8930.8,3285.6,22900.8,24446.6
149,Clark,30,36,4,11.11111111111111,2020,34667,47556,259.8179100022295,68.98039389372263,150.9106707245719,196.33455464000053,230.2665588855569,32411.8,9616.4,2753.8,22900.8,25409.6
150,Columbia,325,485,262,54.02061855670103,2020,58516,56124,135.27816808692086,67.44202725314635,55.56772755800231,250.68445210973164,117.10975765765238,27064.0,21313.6,2079.0,22527.0,22189.6
151,Crawford,164,295,106,35.93220338983051,2020,16084,46646,206.04855332819162,63.643277842492196,77.83068854373136,242.47829239297272,185.12663944898227,28789.0,7159.2,2638.8,29555.6,20823.8
152,Dane,5081,8768,5416,61.77007299270073,2020,562577,65500,113.19390583515133,44.51026484049048,43.37576601468714,253.74938609764757,99.56996589774667,27064.0,19050.4,1787.8,31010.0,22189.6
153,Dodge,277,446,238,53.36322869955157,2020,89353,47464,111.7582124574601,58.968630730095335,43.96090068980069,250.9527143869214,91.02022259584844,27064.0,19734.6,1646.0,20856.2,22189.6
154,Door,123,193,122,63.21243523316062,2020,30120,65788,241.87413493257245,91.8089803261601,110.31366829902068,222.99786319911428,232.2137338849381,24162.2,9312.6,1900.4,9830.8,14895.6
155,Douglas,325,507,231,45.5621301775148,2020,44343,45619,337.00064222518756,48.20181457480614,124.83297404564921,162.6911407360965,306.33186641798926,30188.6,4968.2,2474.2,13340.0,27023.8
156,Dunn,181,257,141,54.86381322957198,2020,45441,44574,293.54675026759503,38.64306133545227,96.67618727707,193.76214279258178,242.8252609760621,37838.2,9244.4,2978.6,22900.8,31210.8
157,Eau Claire,576,1104,778,70.47101449275362,2020,105874,51690,278.33137522289354,52.432921340846676,119.05130231818472,195.28225392899736,233.3662487424528,32411.8,9517.4,2573.0,22900.8,25409.6
158,Fond du Lac,454,659,341,51.74506828528073,2020,104150,52419,138.06814627980958,48.474947043327674,41.61006095482039,240.0330402090718,114.86992618481513,27064.0,11803.4,1828.4,9798.8,23576.2
159,Forest,15,16,10,62.5,2020,9165,44504,281.7229033494697,100.0583915372114,161.88581814502223,203.51983002956288,269.6016504624621,32411.8,2797.4,1136.8,10172.6,19959.4
160,Grant,327,488,233,47.74590163934426,2020,51984,47534,181.62282196217143,70.55395115050254,40.81654220509558,260.10191493449,172.19338679331935,28789.0,13835.0,1105.8,29555.6,20823.8
161,Green,143,204,126,61.76470588235294,2020,37036,56709,123.36798765749488,51.78691953458455,56.823447650023084,257.31226623460617,115.7979296083704,27064.0,16532.4,1905.4,37965.6,22189.6
162,Green Lake,26,34,17,50.0,2020,19022,46978,153.06224780022362,66.67374476389155,57.51472488243461,237.88996681587705,131.9352708906823,27064.0,22050.4,1916.0,9798.8,22189.6
163,Iowa,72,103,63,61.16504854368932,2020,23709,53207,155.10539963730685,59.47272625457708,68.60064828175726,256.0124031879045,151.74926437143307,28789.0,16490.0,1801.8,29555.6,22189.6
164,Iron,8,11,3,27.27272727272728,2020,6146,50456,319.47365567289535,101.70657959402322,171.9464784637011,178.58066262211142,299.5362418657718,32411.8,1840.6,2237.6,13358.4,24446.6
165,Jackson,43,50,23,46.0,2020,21096,48388,246.10019259094906,68.58275830177354,117.02861300611343,209.2389588359486,211.6930491959527,37753.6,8636.6,2858.8,22900.8,25409.6
166,Jefferson,671,1085,603,55.57603686635944,2020,86193,49776,90.94951908783904,41.34748453721586,33.93093602720362,249.10673327432823,75.21646373946484,27064.0,19050.4,1825.6,30937.0,22189.6
167,Juneau,95,126,58,46.03174603174603,2020,26780,42804,207.39428909565572,90.91851882705508,108.48626826948944,225.7457529047992,180.11134113979944,34642.0,10093.6,3446.2,22515.6,18673.8
168,Kenosha,1400,2281,1244,54.53748355984217,2020,169184,52288,65.10796713027324,26.163846561628766,28.291110568834732,241.44738712692575,59.6288905509688,22836.2,10559.6,1313.4,41983.0,17948.4
169,Kewaunee,111,149,79,53.02013422818792,2020,20550,52538,213.23032259111227,58.183914415923766,62.52563651580035,226.65524116748756,191.9389946764046,27779.0,9741.8,2012.2,9830.8,22904.6
170,La Crosse,761,1265,724,57.23320158102767,2020,120930,53817,235.29676177557207,55.50836895446614,78.16756706218436,223.57829150830085,200.28470606124682,37753.6,8716.8,4055.0,29555.6,29788.4
171,Lafayette,100,154,45,29.22077922077922,2020,16613,47826,149.7774986263018,59.77450256317902,49.4141301563835,265.93372511396245,147.38348186299172,28789.0,16490.0,1105.8,40912.2,23072.4
172,Langlade,47,63,19,30.15873015873016,2020,19462,47949,261.51280987801493,72.221811073304,140.45640177527508,195.1342138110614,247.8166433285935,32411.8,5166.0,1464.4,10172.6,19959.4
173,Lincoln,130,177,103,58.19209039548023,2020,28429,49761,266.6929803066052,70.97588279277339,168.31278817262628,188.91376409436384,259.86853516083323,32411.8,5166.0,1202.8,10172.6,24446.6
174,Manitowoc,209,285,155,54.3859649122807,2020,81384,49295,175.1076344393462,47.04251987306933,44.84428590497161,228.23543841049428,152.0647465985946,27215.0,13383.6,2012.2,20771.8,23576.2
175,Marathon,783,1238,720,58.15831987075929,2020,138047,54405,249.64760267367564,54.761612680304516,145.55827914290506,194.12161239906064,239.04782367788317,32411.8,5166.0,1464.4,22515.6,18673.8
176,Marinette,87,109,52,47.70642201834863,2020,41885,47230,264.01353776755695,92.47459439019757,137.43842007643764,213.73287706365363,250.53478460827486,24162.2,5986.8,2012.2,9903.8,19959.4
177,Marquette,18,25,4,16.0,2020,15594,46069,166.87662565765564,78.284590326395,74.2544277848498,232.6024759551396,146.83531199950266,27064.0,20271.6,2079.0,22515.6,22189.6
178,Milwaukee,5007,8721,4728,54.2139662882697,2020,938527,50651,71.19252637784999,18.134395807623388,4.867456100498113,237.5250127472056,48.86156104494462,27215.0,14949.8,3653.6,30553.4,17948.4
179,Monroe,138,221,91,41.1764705882353,2020,46296,46143,224.15992611239872,75.82546159831425,107.19049030266619,223.83802875038367,199.1617380261679,37753.6,8080.0,3677.4,29555.6,25409.6
180,Oconto,71,88,46,52.27272727272727,2020,39080,49649,246.2581547477486,68.96733079196557,98.85618812139928,209.64087356164472,226.17882329489893,24162.2,10687.2,1786.2,9798.8,19959.4
181,Oneida,207,320,210,65.625,2020,37872,52255,282.08425712652644,87.4599953708799,173.4151364273692,190.13031577001794,277.17574144523553,32411.8,3509.2,1136.8,10172.6,24446.6
182,Outagamie,1778,2994,1909,63.76085504342017,2020,190961,55048,205.6918988722453,37.13399971310438,46.938255367039446,215.11485526188608,181.71415726560997,27215.0,12524.2,1464.4,9798.8,23576.2
183,Ozaukee,1603,3110,2143,68.90675241157557,2020,91613,86875,100.21166202914227,43.37425658202723,29.32134395424911,237.8547206917091,76.70289005775142,27215.0,13718.0,2760.4,30553.4,23576.2
184,Pepin,50,74,41,55.4054054054054,2020,7347,54852,276.83794164126266,45.04485778012405,84.61925967739089,207.8698298453315,217.40368978534326,38801.2,8652.2,2959.6,22900.8,36552.6
185,Pierce,268,360,227,63.05555555555556,2020,42223,51054,276.98957975086034,37.92078918210698,63.587822136249954,210.48020940768555,222.59192093553165,39068.4,5691.2,3999.8,22900.8,36552.6
186,Polk,223,293,157,53.58361774744027,2020,45032,49838,306.3678007955869,63.70191677430647,65.45374612059193,179.9242589141726,263.83571009331416,29539.6,7454.2,3076.6,13381.6,26934.4
187,Portage,404,617,431,69.85413290113452,2020,70402,50335,230.30724225414647,58.623945168444436,106.97014707782012,204.86361892526293,200.6412253742997,34642.0,8491.8,1464.4,22515.6,18673.8
188,Price,51,67,43,64.17910447761194,2020,14032,47741,290.3309993715549,90.39463787721198,181.16768137992057,174.54338090917523,269.07269871310166,32411.8,3687.0,2642.8,13358.4,24446.6
189,Racine,870,1507,880,58.39416058394161,2020,197536,52951,68.74729654967747,27.02613083673669,25.61666124169933,242.0828853781258,55.874363007698626,22836.2,9855.0,1918.8,30553.4,17948.4
190,Richland,75,109,42,38.53211009174312,2020,17272,47428,185.38558572807074,74.32514024486177,92.69998485810554,238.49486575680953,176.7627564452676,28789.0,15646.6,2136.0,29555.6,18673.8
191,Rock,985,1572,770,48.98218829516539,2020,163751,47909,96.17024905065145,38.09411972161318,39.448283976742296,253.57137741942142,88.46745256771263,27064.0,18882.4,1110.0,30937.0,22189.6
192,Rusk,18,20,10,50.0,2020,14179,47883,297.72760856330433,70.47963444407858,150.35902086886412,171.81731878181003,260.8753918650209,32411.8,8040.4,2877.6,13358.4,24446.6
193,St. Croix,1114,1637,1082,66.09651802076971,2020,93874,59624,293.93475406430724,42.726366606542086,54.009246152701145,198.5978750459908,240.2735846869998,33726.6,8962.2,2956.0,13381.6,32441.0
194,Sauk,574,892,466,52.24215246636771,2020,65793,55652,165.65727708629174,79.05076157082138,87.10756926427962,241.07777857296597,150.84126896782035,28789.0,18208.8,2322.8,29555.6,22189.6
195,Sawyer,53,58,15,25.86206896551724,2020,18123,46857,317.3264664170537,84.16285079706873,142.61681104979988,160.56769353878659,281.54724560156944,32411.8,4520.8,2474.2,13358.4,24446.6
196,Shawano,77,93,37,39.78494623655914,2020,40873,46611,236.26844049654773,55.49473966088938,85.91967850099192,204.04549159767015,213.62186308102864,24833.8,10706.4,1464.4,9798.8,19959.4
197,Sheboygan,494,679,400,58.91016200294551,2020,118030,54964,133.01308433042982,53.73005605204346,47.683997269734334,235.73103778964924,109.55333746998845,27215.0,12195.6,2999.6,20771.8,23576.2
198,Taylor,104,126,64,50.79365079365079,2020,19937,47024,272.65348023663984,82.93666344766032,172.21162741609473,186.6191334005909,249.2534360543903,32411.8,8069.4,2484.4,13358.4,24446.6
199,Trempealeau,149,214,110,51.4018691588785,2020,30806,46904,258.02598814107586,52.889487968115155,89.96342840876937,212.1647840382072,213.158723747494,37753.6,10050.2,3123.2,22900.8,29788.4
200,Vernon,131,183,93,50.81967213114754,2020,30698,45808,217.34943766339399,65.89896408927977,89.22739066358295,230.58637156083455,194.21830076331946,37753.6,6998.8,3981.8,29555.6,19556.6
201,Vilas,78,129,87,67.44186046511628,2020,23097,54842,299.55259963953927,98.17536598767973,180.55037641719173,191.73521551600257,292.74841897802617,32411.8,4026.2,1831.0,13358.4,24446.6
202,Walworth,920,1509,939,62.22664015904572,2020,105308,55245,80.318504989087,41.792822352351,39.35546269057555,244.9035791877165,72.50675830883941,27064.0,9997.4,1043.4,30937.0,22189.6
203,Washburn,37,45,20,44.44444444444444,2020,16613,50675,326.7784642154609,73.43331641609964,118.04483697665803,167.16517431528422,283.78629290340416,29539.6,2811.2,2474.2,13358.4,27023.8
204,Washington,1467,2457,1846,75.13227513227513,2020,136784,61808,99.9929000280153,43.88570655314947,34.16542758365905,242.50551541319618,76.11071747913626,27215.0,13718.0,2207.4,30553.4,23576.2
205,Waukesha,6409,11076,7838,70.76561935716866,2020,407467,76931,79.91713809677859,28.860387142071296,14.591752489934246,243.61413933857543,59.52669308128797,27215.0,15274.4,1273.2,30553.4,23576.2
206,Waupaca,184,276,137,49.63768115942029,2020,51791,49255,217.2554156862008,54.55322689469731,72.77530774028591,212.07104752737965,194.83394656497293,27064.0,12265.2,1464.4,22515.6,22189.6
207,Waushara,64,91,40,43.95604395604396,2020,24549,43781,188.2995819649987,69.32543692317606,79.51670337324121,221.59188923085426,166.84288194763207,27064.0,10705.2,2084.0,22515.6,22189.6
208,Winnebago,836,1163,757,65.09028374892519,2020,171800,51855,171.04519820497592,42.65930563760334,44.71773618129166,226.36923808161782,148.47561934155095,27064.0,12610.2,1996.4,9798.8,23576.2
209,Wood,565,1045,756,72.3444976076555,2020,74197,49588,236.53194281605465,74.11431693169936,132.13885245274054,204.4549882400789,210.08542613087815,34642.0,8230.0,2873.8,22515.6,18673.8
210,Adams,37,52,9,17.30769230769231,2021,20795,46112,195.93034483827273,90.3059683242695,101.06184967920498,223.09566341534696,171.5877411503718,27064.0,19895.2,2104.8,22515.6,18673.8
211,Ashland,15,24,15,62.5,2021,16054,46557,330.98578902119164,94.5946388743082,154.49318357066562,172.8514469913042,303.87840879144244,32411.8,4791.8,1589.6,13358.4,24446.6
212,Barron,130,226,122,53.98230088495576,2021,46746,56928,315.00157279089365,56.85004007741761,104.64589013973045,180.02326154741576,265.872638081901,33726.6,8040.4,2396.0,13358.4,24446.6
213,Bayfield,8,10,6,60.0,2021,16304,53818,349.98035803121195,73.93703301193929,142.59665576012668,176.4948304742084,316.18328144161103,32768.4,4791.8,1589.6,13358.4,27023.8
214,Brown,1859,2949,2114,71.68531705662937,2021,268814,60799,208.4170556889615,38.004831941265586,40.09954816868267,221.31581182283435,184.90692312547975,27215.0,13383.6,2012.2,9798.8,23576.2
215,Buffalo,26,37,25,67.56756756756756,2021,13312,54431,264.1250646744694,52.61241544208864,81.81416096232454,213.09854974921458,209.55981853128523,38801.2,9060.2,3356.2,22900.8,36552.6
216,Burnett,49,64,45,70.3125,2021,16759,48389,316.2351025500293,75.81583398762483,100.14389936497341,167.1322359637191,279.36243474620335,29539.6,2811.2,3143.2,13351.4,20245.0
217,Calumet,202,290,182,62.75862068965517,2021,52587,58066,169.10603391494763,37.03987222086711,38.136425378038346,229.30197687711106,145.2072742952186,27215.0,12610.2,2012.2,9798.8,23576.2
218,Chippewa,376,484,307,63.4297520661157,2021,66628,53732,286.7520530582044,55.44499356096644,135.73008091275156,186.29717761027297,245.38479799603766,32411.8,8930.8,3285.6,22900.8,24446.6
219,Clark,34,42,10,23.80952380952381,2021,34722,50125,259.8179100022295,68.98039389372263,150.9106707245719,196.33455464000053,230.2665588855569,32411.8,9616.4,2753.8,22900.8,25409.6
220,Columbia,346,496,300,60.48387096774194,2021,58404,60878,135.27816808692086,67.44202725314635,55.56772755800231,250.68445210973164,117.10975765765238,27064.0,21313.6,2079.0,22527.0,22189.6
221,Crawford,158,251,98,39.04382470119522,2021,16082,50089,206.04855332819162,63.643277842492196,77.83068854373136,242.47829239297272,185.12663944898227,28789.0,7159.2,2638.8,29555.6,20823.8
222,Dane,5245,9088,6296,69.27816901408451,2021,561724,72511,113.19390583515133,44.51026484049048,43.37576601468714,253.74938609764757,99.56996589774667,27064.0,19050.4,1787.8,31010.0,22189.6
223,Dodge,304,474,252,53.16455696202532,2021,88657,51562,111.7582124574601,58.968630730095335,43.96090068980069,250.9527143869214,91.02022259584844,27064.0,19734.6,1646.0,20856.2,22189.6
224,Door,123,225,169,75.11111111111111,2021,30406,70363,241.87413493257245,91.8089803261601,110.31366829902068,222.99786319911428,232.2137338849381,24162.2,9312.6,1900.4,9830.8,14895.6
225,Douglas,271,411,222,54.01459854014598,2021,44026,49342,337.00064222518756,48.20181457480614,124.83297404564921,162.6911407360965,306.33186641798926,30188.6,4968.2,2474.2,13340.0,27023.8
226,Dunn,151,207,147,71.01449275362319,2021,44509,49794,293.54675026759503,38.64306133545227,96.67618727707,193.76214279258178,242.8252609760621,37838.2,9244.4,2978.6,22900.8,31210.8
227,Eau Claire,674,1217,895,73.54149548069022,2021,105988,56403,278.33137522289354,52.432921340846676,119.05130231818472,195.28225392899736,233.3662487424528,32411.8,9517.4,2573.0,22900.8,25409.6
228,Fond du Lac,488,727,386,53.0949105914718,2021,104166,56667,138.06814627980958,48.474947043327674,41.61006095482039,240.0330402090718,114.86992618481513,27064.0,11803.4,1828.4,9798.8,23576.2
229,Forest,16,16,15,93.75,2021,9262,46167,281.7229033494697,100.0583915372114,161.88581814502223,203.51983002956288,269.6016504624621,32411.8,2797.4,1136.8,10172.6,19959.4
230,Grant,279,427,278,65.10538641686183,2021,51285,51475,181.62282196217143,70.55395115050254,40.81654220509558,260.10191493449,172.19338679331935,28789.0,13835.0,1105.8,29555.6,20823.8
231,Green,159,222,140,63.06306306306306,2021,37018,60288,123.36798765749488,51.78691953458455,56.823447650023084,257.31226623460617,115.7979296083704,27064.0,16532.4,1905.4,37965.6,22189.6
232,Green Lake,21,30,23,76.66666666666667,2021,19249,51152,153.06224780022362,66.67374476389155,57.51472488243461,237.88996681587705,131.9352708906823,27064.0,22050.4,1916.0,9798.8,22189.6
233,Iowa,81,106,76,71.69811320754717,2021,23777,58191,155.10539963730685,59.47272625457708,68.60064828175726,256.0124031879045,151.74926437143307,28789.0,16490.0,1801.8,29555.6,22189.6
234,Iron,16,26,14,53.84615384615385,2021,6193,53379,319.47365567289535,101.70657959402322,171.9464784637011,178.58066262211142,299.5362418657718,32411.8,1840.6,2237.6,13358.4,24446.6
235,Jackson,56,66,22,33.33333333333334,2021,20899,50110,246.10019259094906,68.58275830177354,117.02861300611343,209.2389588359486,211.6930491959527,37753.6,8636.6,2858.8,22900.8,25409.6
236,Jefferson,637,1056,643,60.89015151515152,2021,85796,53886,90.94951908783904,41.34748453721586,33.93093602720362,249.10673327432823,75.21646373946484,27064.0,19050.4,1825.6,30937.0,22189.6
237,Juneau,96,114,44,38.59649122807018,2021,26756,46547,207.39428909565572,90.91851882705508,108.48626826948944,225.7457529047992,180.11134113979944,34642.0,10093.6,3446.2,22515.6,18673.8
238,Kenosha,1274,1998,1251,62.61261261261262,2021,168465,56471,65.10796713027324,26.163846561628766,28.291110568834732,241.44738712692575,59.6288905509688,22836.2,10559.6,1313.4,41983.0,17948.4
239,Kewaunee,95,128,97,75.78125,2021,20577,56598,213.23032259111227,58.183914415923766,62.52563651580035,226.65524116748756,191.9389946764046,27779.0,9741.8,2012.2,9830.8,22904.6
240,La Crosse,692,1167,743,63.6675235646958,2021,119367,59705,235.29676177557207,55.50836895446614,78.16756706218436,223.57829150830085,200.28470606124682,37753.6,8716.8,4055.0,29555.6,29788.4
241,Lafayette,85,118,52,44.06779661016949,2021,16816,50750,149.7774986263018,59.77450256317902,49.4141301563835,265.93372511396245,147.38348186299172,28789.0,16490.0,1105.8,40912.2,23072.4
242,Langlade,33,44,23,52.27272727272727,2021,19505,51018,261.51280987801493,72.221811073304,140.45640177527508,195.1342138110614,247.8166433285935,32411.8,5166.0,1464.4,10172.6,19959.4
243,Lincoln,152,228,146,64.03508771929825,2021,28453,52544,266.6929803066052,70.97588279277339,168.31278817262628,188.91376409436384,259.86853516083323,32411.8,5166.0,1202.8,10172.6,24446.6
244,Manitowoc,232,344,189,54.94186046511628,2021,81479,53633,175.1076344393462,47.04251987306933,44.84428590497161,228.23543841049428,152.0647465985946,27215.0,13383.6,2012.2,20771.8,23576.2
245,Marathon,738,1199,833,69.47456213511259,2021,137746,59089,249.64760267367564,54.761612680304516,145.55827914290506,194.12161239906064,239.04782367788317,32411.8,5166.0,1464.4,22515.6,18673.8
246,Marinette,117,146,79,54.10958904109589,2021,41849,51745,264.01353776755695,92.47459439019757,137.43842007643764,213.73287706365363,250.53478460827486,24162.2,5986.8,2012.2,9903.8,19959.4
247,Marquette,29,46,27,58.69565217391305,2021,15777,48932,166.87662565765564,78.284590326395,74.2544277848498,232.6024759551396,146.83531199950266,27064.0,20271.6,2079.0,22515.6,22189.6
248,Milwaukee,5415,9300,5273,56.69892473118279,2021,924207,55965,71.19252637784999,18.134395807623388,4.867456100498113,237.5250127472056,48.86156104494462,27215.0,14949.8,3653.6,30553.4,17948.4
249,Monroe,135,271,164,60.51660516605166,2021,46246,49825,224.15992611239872,75.82546159831425,107.19049030266619,223.83802875038367,199.1617380261679,37753.6,8080.0,3677.4,29555.6,25409.6
250,Oconto,74,97,43,44.32989690721649,2021,39393,53227,246.2581547477486,68.96733079196557,98.85618812139928,209.64087356164472,226.17882329489893,24162.2,10687.2,1786.2,9798.8,19959.4
251,Oneida,223,364,215,59.06593406593407,2021,38282,55494,282.08425712652644,87.4599953708799,173.4151364273692,190.13031577001794,277.17574144523553,32411.8,3509.2,1136.8,10172.6,24446.6
252,Outagamie,1757,2875,1997,69.4608695652174,2021,191309,59276,205.6918988722453,37.13399971310438,46.938255367039446,215.11485526188608,181.71415726560997,27215.0,12524.2,1464.4,9798.8,23576.2
253,Ozaukee,1650,3216,2367,73.60074626865672,2021,92551,95076,100.21166202914227,43.37425658202723,29.32134395424911,237.8547206917091,76.70289005775142,27215.0,13718.0,2760.4,30553.4,23576.2
254,Pepin,29,43,21,48.83720930232558,2021,7386,59472,276.83794164126266,45.04485778012405,84.61925967739089,207.8698298453315,217.40368978534326,38801.2,8652.2,2959.6,22900.8,36552.6
255,Pierce,278,392,261,66.58163265306122,2021,41606,57563,276.98957975086034,37.92078918210698,63.587822136249954,210.48020940768555,222.59192093553165,39068.4,5691.2,3999.8,22900.8,36552.6
256,Polk,271,375,211,56.26666666666667,2021,45521,53479,306.3678007955869,63.70191677430647,65.45374612059193,179.9242589141726,263.83571009331416,29539.6,7454.2,3076.6,13381.6,26934.4
257,Portage,430,657,466,70.92846270928463,2021,69429,54681,230.30724225414647,58.623945168444436,106.97014707782012,204.86361892526293,200.6412253742997,34642.0,8491.8,1464.4,22515.6,18673.8
258,Price,56,79,53,67.0886075949367,2021,14055,51261,290.3309993715549,90.39463787721198,181.16768137992057,174.54338090917523,269.07269871310166,32411.8,3687.0,2642.8,13358.4,24446.6
259,Racine,909,1566,889,56.76883780332057,2021,196439,56680,68.74729654967747,27.02613083673669,25.61666124169933,242.0828853781258,55.874363007698626,22836.2,9855.0,1918.8,30553.4,17948.4
260,Richland,50,87,40,45.97701149425287,2021,17166,50606,185.38558572807074,74.32514024486177,92.69998485810554,238.49486575680953,176.7627564452676,28789.0,15646.6,2136.0,29555.6,18673.8
261,Rock,988,1496,894,59.75935828877005,2021,164192,51955,96.17024905065145,38.09411972161318,39.448283976742296,253.57137741942142,88.46745256771263,27064.0,18882.4,1110.0,30937.0,22189.6
262,Rusk,16,20,8,40.0,2021,14116,52068,297.72760856330433,70.47963444407858,150.35902086886412,171.81731878181003,260.8753918650209,32411.8,8040.4,2877.6,13358.4,24446.6
263,St. Croix,1096,1704,1189,69.77699530516432,2021,95055,65129,293.93475406430724,42.726366606542086,54.009246152701145,198.5978750459908,240.2735846869998,33726.6,8962.2,2956.0,13381.6,32441.0
264,Sauk,600,907,518,57.11135611907387,2021,65740,62446,165.65727708629174,79.05076157082138,87.10756926427962,241.07777857296597,150.84126896782035,28789.0,18208.8,2322.8,29555.6,22189.6
265,Sawyer,71,73,27,36.98630136986301,2021,18247,51291,317.3264664170537,84.16285079706873,142.61681104979988,160.56769353878659,281.54724560156944,32411.8,4520.8,2474.2,13358.4,24446.6
266,Shawano,79,100,39,39.0,2021,40812,50004,236.26844049654773,55.49473966088938,85.91967850099192,204.04549159767015,213.62186308102864,24833.8,10706.4,1464.4,9798.8,19959.4
267,Sheboygan,532,744,413,55.51075268817204,2021,117697,58813,133.01308433042982,53.73005605204346,47.683997269734334,235.73103778964924,109.55333746998845,27215.0,12195.6,2999.6,20771.8,23576.2
268,Taylor,117,143,86,60.13986013986014,2021,19944,50581,272.65348023663984,82.93666344766032,172.21162741609473,186.6191334005909,249.2534360543903,32411.8,8069.4,2484.4,13358.4,24446.6
269,Trempealeau,139,167,83,49.70059880239521,2021,30730,50846,258.02598814107586,52.889487968115155,89.96342840876937,212.1647840382072,213.158723747494,37753.6,10050.2,3123.2,22900.8,29788.4
270,Vernon,122,163,91,55.8282208588957,2021,30921,49833,217.34943766339399,65.89896408927977,89.22739066358295,230.58637156083455,194.21830076331946,37753.6,6998.8,3981.8,29555.6,19556.6
271,Vilas,73,111,86,77.47747747747748,2021,23522,59002,299.55259963953927,98.17536598767973,180.55037641719173,191.73521551600257,292.74841897802617,32411.8,4026.2,1831.0,13358.4,24446.6
272,Walworth,962,1511,904,59.82792852415619,2021,105200,61316,80.318504989087,41.792822352351,39.35546269057555,244.9035791877165,72.50675830883941,27064.0,9997.4,1043.4,30937.0,22189.6
273,Washburn,31,34,20,58.8235294117647,2021,16760,55481,326.7784642154609,73.43331641609964,118.04483697665803,167.16517431528422,283.78629290340416,29539.6,2811.2,2474.2,13358.4,27023.8
274,Washington,1424,2416,1850,76.5728476821192,2021,137237,66651,99.9929000280153,43.88570655314947,34.16542758365905,242.50551541319618,76.11071747913626,27215.0,13718.0,2207.4,30553.4,23576.2
275,Waukesha,6329,11029,8202,74.36757638951855,2021,409080,84113,79.91713809677859,28.860387142071296,14.591752489934246,243.61413933857543,59.52669308128797,27215.0,15274.4,1273.2,30553.4,23576.2
276,Waupaca,265,383,243,63.44647519582245,2021,51992,53368,217.2554156862008,54.55322689469731,72.77530774028591,212.07104752737965,194.83394656497293,27064.0,12265.2,1464.4,22515.6,22189.6
277,Waushara,63,88,32,36.36363636363637,2021,24797,46976,188.2995819649987,69.32543692317606,79.51670337324121,221.59188923085426,166.84288194763207,27064.0,10705.2,2084.0,22515.6,22189.6
278,Winnebago,809,1106,807,72.96564195298373,2021,170554,56253,171.04519820497592,42.65930563760334,44.71773618129166,226.36923808161782,148.47561934155095,27064.0,12610.2,1996.4,9798.8,23576.2
279,Wood,552,943,692,73.38282078472959,2021,74085,52678,236.53194281605465,74.11431693169936,132.13885245274054,204.4549882400789,210.08542613087815,34642.0,8230.0,2873.8,22515.6,18673.8
280,Adams,42,79,22,27.84810126582278,2022,21226,44696,195.93034483827273,90.3059683242695,101.06184967920498,223.09566341534696,171.5877411503718,27064.0,19895.2,2104.8,22515.6,18673.8
281,Ashland,25,48,21,43.75,2022,16039,46014,330.98578902119164,94.5946388743082,154.49318357066562,172.8514469913042,303.87840879144244,32411.8,4791.8,1589.6,13358.4,24446.6
282,Barron,115,178,93,52.24719101123596,2022,46843,58029,315.00157279089365,56.85004007741761,104.64589013973045,180.02326154741576,265.872638081901,33726.6,8040.4,2396.0,13358.4,24446.6
283,Bayfield,22,34,23,67.6470588235294,2022,16608,52963,349.98035803121195,73.93703301193929,142.59665576012668,176.4948304742084,316.18328144161103,32768.4,4791.8,1589.6,13358.4,27023.8
284,Brown,1875,2903,2066,71.1677574922494,2022,270036,62519,208.4170556889615,38.004831941265586,40.09954816868267,221.31581182283435,184.90692312547975,27215.0,13383.6,2012.2,9798.8,23576.2
285,Buffalo,16,26,21,80.76923076923077,2022,13391,55319,264.1250646744694,52.61241544208864,81.81416096232454,213.09854974921458,209.55981853128523,38801.2,9060.2,3356.2,22900.8,36552.6
286,Burnett,67,88,48,54.54545454545455,2022,17036,48081,316.2351025500293,75.81583398762483,100.14389936497341,167.1322359637191,279.36243474620335,29539.6,2811.2,3143.2,13351.4,20245.0
287,Calumet,162,236,174,73.72881355932203,2022,52718,58999,169.10603391494763,37.03987222086711,38.136425378038346,229.30197687711106,145.2072742952186,27215.0,12610.2,2012.2,9798.8,23576.2
288,Chippewa,347,459,319,69.49891067538127,2022,66807,54474,286.7520530582044,55.44499356096644,135.73008091275156,186.29717761027297,245.38479799603766,32411.8,8930.8,3285.6,22900.8,24446.6
289,Clark,22,32,9,28.125,2022,34691,51365,259.8179100022295,68.98039389372263,150.9106707245719,196.33455464000053,230.2665588855569,32411.8,9616.4,2753.8,22900.8,25409.6
290,Columbia,341,511,308,60.27397260273973,2022,58193,61542,135.27816808692086,67.44202725314635,55.56772755800231,250.68445210973164,117.10975765765238,27064.0,21313.6,2079.0,22527.0,22189.6
291,Crawford,167,266,101,37.96992481203007,2022,16007,50741,206.04855332819162,63.643277842492196,77.83068854373136,242.47829239297272,185.12663944898227,28789.0,7159.2,2638.8,29555.6,20823.8
292,Dane,6049,10727,7508,69.99160995618533,2022,568203,73726,113.19390583515133,44.51026484049048,43.37576601468714,253.74938609764757,99.56996589774667,27064.0,19050.4,1787.8,31010.0,22189.6
293,Dodge,323,515,323,62.71844660194175,2022,88282,52398,111.7582124574601,58.968630730095335,43.96090068980069,250.9527143869214,91.02022259584844,27064.0,19734.6,1646.0,20856.2,22189.6
294,Door,151,252,171,67.85714285714286,2022,30526,71130,241.87413493257245,91.8089803261601,110.31366829902068,222.99786319911428,232.2137338849381,24162.2,9312.6,1900.4,9830.8,14895.6
295,Douglas,266,406,223,54.92610837438424,2022,44144,49469,337.00064222518756,48.20181457480614,124.83297404564921,162.6911407360965,306.33186641798926,30188.6,4968.2,2474.2,13340.0,27023.8
296,Dunn,158,219,167,76.25570776255708,2022,45651,49324,293.54675026759503,38.64306133545227,96.67618727707,193.76214279258178,242.8252609760621,37838.2,9244.4,2978.6,22900.8,31210.8
297,Eau Claire,734,1362,988,72.54038179148311,2022,106837,57320,278.33137522289354,52.432921340846676,119.05130231818472,195.28225392899736,233.3662487424528,32411.8,9517.4,2573.0,22900.8,25409.6
298,Fond du Lac,565,814,481,59.09090909090909,2022,103836,58204,138.06814627980958,48.474947043327674,41.61006095482039,240.0330402090718,114.86992618481513,27064.0,11803.4,1828.4,9798.8,23576.2
299,Forest,15,15,13,86.66666666666667,2022,9381,45248,281.7229033494697,100.0583915372114,161.88581814502223,203.51983002956288,269.6016504624621,32411.8,2797.4,1136.8,10172.6,19959.4
300,Grant,336,533,326,61.16322701688556,2022,51276,52264,181.62282196217143,70.55395115050254,40.81654220509558,260.10191493449,172.19338679331935,28789.0,13835.0,1105.8,29555.6,20823.8
301,Green,166,260,200,76.92307692307692,2022,36816,61416,123.36798765749488,51.78691953458455,56.823447650023084,257.31226623460617,115.7979296083704,27064.0,16532.4,1905.4,37965.6,22189.6
302,Green Lake,52,68,29,42.64705882352941,2022,19220,51819,153.06224780022362,66.67374476389155,57.51472488243461,237.88996681587705,131.9352708906823,27064.0,22050.4,1916.0,9798.8,22189.6
303,Iowa,92,117,88,75.21367521367522,2022,23865,58797,155.10539963730685,59.47272625457708,68.60064828175726,256.0124031879045,151.74926437143307,28789.0,16490.0,1801.8,29555.6,22189.6
304,Jackson,74,88,39,44.31818181818182,2022,20836,50097,246.10019259094906,68.58275830177354,117.02861300611343,209.2389588359486,211.6930491959527,37753.6,8636.6,2858.8,22900.8,25409.6
305,Jefferson,661,1078,630,58.44155844155844,2022,85784,55023,90.94951908783904,41.34748453721586,33.93093602720362,249.10673327432823,75.21646373946484,27064.0,19050.4,1825.6,30937.0,22189.6
306,Juneau,118,145,46,31.72413793103448,2022,26866,46696,207.39428909565572,90.91851882705508,108.48626826948944,225.7457529047992,180.11134113979944,34642.0,10093.6,3446.2,22515.6,18673.8
307,Kenosha,1243,1874,1181,63.02027748132338,2022,167817,58255,65.10796713027324,26.163846561628766,28.291110568834732,241.44738712692575,59.6288905509688,22836.2,10559.6,1313.4,41983.0,17948.4
308,Kewaunee,109,136,81,59.55882352941177,2022,20623,57770,213.23032259111227,58.183914415923766,62.52563651580035,226.65524116748756,191.9389946764046,27779.0,9741.8,2012.2,9830.8,22904.6
309,La Crosse,751,1268,792,62.46056782334385,2022,120294,60463,235.29676177557207,55.50836895446614,78.16756706218436,223.57829150830085,200.28470606124682,37753.6,8716.8,4055.0,29555.6,29788.4
310,Lafayette,84,161,83,51.5527950310559,2022,16877,52048,149.7774986263018,59.77450256317902,49.4141301563835,265.93372511396245,147.38348186299172,28789.0,16490.0,1105.8,40912.2,23072.4
311,Langlade,52,68,30,44.11764705882353,2022,19559,50852,261.51280987801493,72.221811073304,140.45640177527508,195.1342138110614,247.8166433285935,32411.8,5166.0,1464.4,10172.6,19959.4
312,Lincoln,140,200,124,62.0,2022,28376,53038,266.6929803066052,70.97588279277339,168.31278817262628,188.91376409436384,259.86853516083323,32411.8,5166.0,1202.8,10172.6,24446.6
313,Manitowoc,207,290,144,49.6551724137931,2022,81172,54592,175.1076344393462,47.04251987306933,44.84428590497161,228.23543841049428,152.0647465985946,27215.0,13383.6,2012.2,20771.8,23576.2
314,Marathon,793,1288,835,64.82919254658385,2022,137958,59949,249.64760267367564,54.761612680304516,145.55827914290506,194.12161239906064,239.04782367788317,32411.8,5166.0,1464.4,22515.6,18673.8
315,Marinette,96,116,64,55.17241379310344,2022,41988,52260,264.01353776755695,92.47459439019757,137.43842007643764,213.73287706365363,250.53478460827486,24162.2,5986.8,2012.2,9903.8,19959.4
316,Marquette,30,44,31,70.45454545454545,2022,15779,49041,166.87662565765564,78.284590326395,74.2544277848498,232.6024759551396,146.83531199950266,27064.0,20271.6,2079.0,22515.6,22189.6
317,Milwaukee,6006,10137,5646,55.696951760876,2022,918661,56188,71.19252637784999,18.134395807623388,4.867456100498113,237.5250127472056,48.86156104494462,27215.0,14949.8,3653.6,30553.4,17948.4
318,Monroe,156,307,187,60.91205211726384,2022,46109,50008,224.15992611239872,75.82546159831425,107.19049030266619,223.83802875038367,199.1617380261679,37753.6,8080.0,3677.4,29555.6,25409.6
319,Oconto,104,127,44,34.64566929133859,2022,39633,53823,246.2581547477486,68.96733079196557,98.85618812139928,209.64087356164472,226.17882329489893,24162.2,10687.2,1786.2,9798.8,19959.4
320,Oneida,229,331,195,58.91238670694864,2022,38212,56013,282.08425712652644,87.4599953708799,173.4151364273692,190.13031577001794,277.17574144523553,32411.8,3509.2,1136.8,10172.6,24446.6
321,Outagamie,1931,3145,2196,69.82511923688395,2022,192127,60352,205.6918988722453,37.13399971310438,46.938255367039446,215.11485526188608,181.71415726560997,27215.0,12524.2,1464.4,9798.8,23576.2
322,Ozaukee,1682,3240,2497,77.0679012345679,2022,93009,99817,100.21166202914227,43.37425658202723,29.32134395424911,237.8547206917091,76.70289005775142,27215.0,13718.0,2760.4,30553.4,23576.2
323,Pepin,26,33,13,39.39393939393939,2022,7410,60146,276.83794164126266,45.04485778012405,84.61925967739089,207.8698298453315,217.40368978534326,38801.2,8652.2,2959.6,22900.8,36552.6
324,Pierce,352,501,341,68.06387225548902,2022,42532,58338,276.98957975086034,37.92078918210698,63.587822136249954,210.48020940768555,222.59192093553165,39068.4,5691.2,3999.8,22900.8,36552.6
325,Polk,264,334,184,55.08982035928144,2022,45709,54302,306.3678007955869,63.70191677430647,65.45374612059193,179.9242589141726,263.83571009331416,29539.6,7454.2,3076.6,13381.6,26934.4
326,Portage,459,712,479,67.2752808988764,2022,70718,54375,230.30724225414647,58.623945168444436,106.97014707782012,204.86361892526293,200.6412253742997,34642.0,8491.8,1464.4,22515.6,18673.8
327,Price,56,76,54,71.05263157894737,2022,14179,51846,290.3309993715549,90.39463787721198,181.16768137992057,174.54338090917523,269.07269871310166,32411.8,3687.0,2642.8,13358.4,24446.6
328,Racine,879,1411,873,61.87101346562721,2022,195846,57574,68.74729654967747,27.02613083673669,25.61666124169933,242.0828853781258,55.874363007698626,22836.2,9855.0,1918.8,30553.4,17948.4
329,Richland,64,92,65,70.65217391304348,2022,17090,51382,185.38558572807074,74.32514024486177,92.69998485810554,238.49486575680953,176.7627564452676,28789.0,15646.6,2136.0,29555.6,18673.8
330,Rock,1082,1679,1001,59.61882072662299,2022,164060,52517,96.17024905065145,38.09411972161318,39.448283976742296,253.57137741942142,88.46745256771263,27064.0,18882.4,1110.0,30937.0,22189.6
331,Rusk,21,24,15,62.5,2022,14186,52712,297.72760856330433,70.47963444407858,150.35902086886412,171.81731878181003,260.8753918650209,32411.8,8040.4,2877.6,13358.4,24446.6
332,St. Croix,1110,1675,1125,67.16417910447761,2022,96017,67477,293.93475406430724,42.726366606542086,54.009246152701145,198.5978750459908,240.2735846869998,33726.6,8962.2,2956.0,13381.6,32441.0
333,Sauk,614,982,516,52.54582484725051,2022,65777,62052,165.65727708629174,79.05076157082138,87.10756926427962,241.07777857296597,150.84126896782035,28789.0,18208.8,2322.8,29555.6,22189.6
334,Sawyer,82,94,35,37.23404255319149,2022,18559,50990,317.3264664170537,84.16285079706873,142.61681104979988,160.56769353878659,281.54724560156944,32411.8,4520.8,2474.2,13358.4,24446.6
335,Shawano,89,109,38,34.86238532110092,2022,40886,50444,236.26844049654773,55.49473966088938,85.91967850099192,204.04549159767015,213.62186308102864,24833.8,10706.4,1464.4,9798.8,19959.4
336,Sheboygan,505,695,421,60.57553956834533,2022,117841,60359,133.01308433042982,53.73005605204346,47.683997269734334,235.73103778964924,109.55333746998845,27215.0,12195.6,2999.6,20771.8,23576.2
337,Taylor,122,171,103,60.23391812865497,2022,19975,50045,272.65348023663984,82.93666344766032,172.21162741609473,186.6191334005909,249.2534360543903,32411.8,8069.4,2484.4,13358.4,24446.6
338,Trempealeau,167,220,131,59.54545454545455,2022,30899,51281,258.02598814107586,52.889487968115155,89.96342840876937,212.1647840382072,213.158723747494,37753.6,10050.2,3123.2,22900.8,29788.4
339,Vernon,110,155,89,57.41935483870968,2022,31060,50622,217.34943766339399,65.89896408927977,89.22739066358295,230.58637156083455,194.21830076331946,37753.6,6998.8,3981.8,29555.6,19556.6
340,Vilas,77,109,86,78.89908256880734,2022,23763,59807,299.55259963953927,98.17536598767973,180.55037641719173,191.73521551600257,292.74841897802617,32411.8,4026.2,1831.0,13358.4,24446.6
341,Walworth,973,1523,850,55.81089954038083,2022,105380,62828,80.318504989087,41.792822352351,39.35546269057555,244.9035791877165,72.50675830883941,27064.0,9997.4,1043.4,30937.0,22189.6
342,Washburn,20,21,11,52.38095238095238,2022,16911,55362,326.7784642154609,73.43331641609964,118.04483697665803,167.16517431528422,283.78629290340416,29539.6,2811.2,2474.2,13358.4,27023.8
343,Washington,1506,2494,1892,75.86206896551724,2022,137688,68705,99.9929000280153,43.88570655314947,34.16542758365905,242.50551541319618,76.11071747913626,27215.0,13718.0,2207.4,30553.4,23576.2
344,Waukesha,6439,11372,8537,75.07034822370736,2022,410434,87582,79.91713809677859,28.860387142071296,14.591752489934246,243.61413933857543,59.52669308128797,27215.0,15274.4,1273.2,30553.4,23576.2
345,Waupaca,334,460,243,52.82608695652174,2022,51488,54632,217.2554156862008,54.55322689469731,72.77530774028591,212.07104752737965,194.83394656497293,27064.0,12265.2,1464.4,22515.6,22189.6
346,Waushara,60,90,38,42.22222222222222,2022,24999,46697,188.2995819649987,69.32543692317606,79.51670337324121,221.59188923085426,166.84288194763207,27064.0,10705.2,2084.0,22515.6,22189.6
347,Winnebago,840,1122,780,69.5187165775401,2022,170718,56878,171.04519820497592,42.65930563760334,44.71773618129166,226.36923808161782,148.47561934155095,27064.0,12610.2,1996.4,9798.8,23576.2
348,Wood,542,986,740,75.05070993914808,2022,73993,53162,236.53194281605465,74.11431693169936,132.13885245274054,204.4549882400789,210.08542613087815,34642.0,8230.0,2873.8,22515.6,18673.8
