,County,State_Abbreviation,Income,Population
0,Autauga,AL,53079,60342
1,Baldwin,AL,60969,253507
2,Barbour,AL,41531,24585
3,Bibb,AL,39835,21868
4,Blount,AL,45021,59816
5,Bullock,AL,36061,9897
6,Butler,AL,49192,18382
7,Calhoun,AL,44737,116429
8,Chambers,AL,40735,34079
9,Cherokee,AL,45099,25666
10,Chilton,AL,46120,46431
11,Choctaw,AL,49356,12252
12,Clarke,AL,47362,22337
13,Clay,AL,39082,14111
14,Cleburne,AL,44266,15639
15,Coffee,AL,53573,55643
16,Colbert,AL,47137,58361
17,Conecuh,AL,42999,11174
18,Coosa,AL,40420,10268
19,Covington,AL,43081,37952
20,Crenshaw,AL,47732,13101
21,Cullman,AL,50812,92016
22,Dale,AL,45756,49871
23,Dallas,AL,45618,36165
24,DeKalb,AL,41750,72569
25,Elmore,AL,51950,90441
26,Escambia,AL,42089,36558
27,Etowah,AL,45062,103241
28,Fayette,AL,42346,15967
29,Franklin,AL,42272,31802
30,Geneva,AL,43566,26988
31,Greene,AL,39811,7341
32,Hale,AL,46181,14888
33,Henry,AL,53701,17899
34,Houston,AL,54541,108462
35,Jackson,AL,45322,53467
36,Jefferson,AL,71275,662895
37,Lamar,AL,41514,13661
38,Lauderdale,AL,47168,96814
39,Lawrence,AL,44413,33502
40,Lee,AL,48511,183215
41,Limestone,AL,57194,114654
42,Lowndes,AL,52211,9717
43,Macon,AL,41172,18370
44,Madison,AL,66005,412600
45,Marengo,AL,50216,18684
46,Marion,AL,45211,29244
47,Marshall,AL,48602,100756
48,Mobile,AL,50513,411640
49,Monroe,AL,43607,19229
50,Montgomery,AL,53891,224980
51,Morgan,AL,49630,125133
52,Perry,AL,43279,7738
53,Pickens,AL,42292,18688
54,Pike,AL,49237,33137
55,Randolph,AL,42104,22786
56,Russell,AL,41186,58744
57,St. Clair,AL,50493,95552
58,Shelby,AL,71565,233000
59,Sumter,AL,41168,11727
60,Talladega,AL,43284,81132
61,Tallapoosa,AL,51662,40677
62,Tuscaloosa,AL,44456,237373
63,Walker,AL,51485,64728
64,Washington,AL,46859,15022
65,Wilcox,AL,41486,9944
66,Winston,AL,44873,23611
67,Aleutian Islands Census Area,AK,(NA),(NA)
68,Aleutians East Borough,AK,65421,3461
69,Aleutians West Census Area,AK,72234,5160
70,Anchorage Municipality,AK,79183,286075
71,Bethel Census Area,AK,48831,18224
72,Bristol Bay Borough,AK,169751,844
73,Chugach Census Area,AK,75423,6769
74,Copper River Census Area,AK,58759,2674
75,Denali Borough,AK,127445,1584
76,Dillingham Census Area,AK,65625,4607
77,Fairbanks North Star Borough,AK,69775,94840
78,Haines Borough,AK,91194,2070
79,Hoonah-Angoon Census Area,AK,73176,2262
80,Juneau City and Borough,AK,82234,31555
81,Kenai Peninsula Borough,AK,62052,61223
82,Ketchikan Gateway Borough,AK,76446,13738
83,Kodiak Island Borough,AK,76625,12565
84,Kusilvak Census Area,AK,36808,8001
85,Lake and Peninsula Borough,AK,74906,1331
86,Matanuska-Susitna Borough,AK,60538,115239
87,Nome Census Area,AK,63573,9763
88,North Slope Borough,AK,85731,10603
89,Northwest Arctic Borough,AK,57442,7361
90,Petersburg Borough,AK,78454,3427
91,Prince of Wales-Hyder Census Area,AK,55055,5696
92,Prince of Wales-Outer Ketchikan Census Area,AK,(NA),(NA)
93,Sitka City and Borough,AK,85253,8282
94,Skagway Municipality,AK,82617,1095
95,Skagway-Yakutat-Angoon Census Area,AK,(NA),(NA)
96,Skagway-Hoonah-Angoon Census Area,AK,(NA),(NA)
97,Southeast Fairbanks Census Area,AK,62909,7077
98,Valdez-Cordova Census Area,AK,(NA),(NA)
99,Wrangell City and Borough,AK,65946,2064
100,Wrangell-Petersburg Census Area,AK,(NA),(NA)
101,Yakutat City and Borough,AK,65099,687
102,Yukon-Koyukuk Census Area,AK,69573,5129
103,Aleutian Islands Division,AK,(NA),(NA)
104,Angoon Division,AK,(NA),(NA)
105,Barrow-North Slope Division,AK,(NA),(NA)
106,Bethel Division,AK,(NA),(NA)
107,Bristol Bay Division,AK,(NA),(NA)
108,Cordova-McCarthy Division,AK,(NA),(NA)
109,Haines Division,AK,(NA),(NA)
110,Kenai-Cook Inlet Division,AK,(NA),(NA)
111,Kuskokwim Division,AK,(NA),(NA)
112,Outer Ketchikan Division,AK,(NA),(NA)
113,Prince of Wales Division,AK,(NA),(NA)
114,Seward Division,AK,(NA),(NA)
115,Sitka Division,AK,(NA),(NA)
116,Skagway-Yakutat Division,AK,(NA),(NA)
117,Southeast Fairbanks Division,AK,(NA),(NA)
118,Upper Yukon Division,AK,(NA),(NA)
119,Valdez-Chitina-Whittier Division,AK,(NA),(NA)
120,Wrangell-Petersburg Division,AK,(NA),(NA)
121,Yukon-Koyukuk Division,AK,(NA),(NA)
122,Apache,AZ,47885,65036
123,Cochise,AZ,53304,124640
124,Coconino,AZ,62002,144472
125,Gila,AZ,52984,54003
126,Graham,AZ,42787,39525
127,Greenlee,AZ,57359,9369
128,La Paz,AZ,58739,16710
129,Maricopa,AZ,68111,4585871
130,Mohave,AZ,46777,223682
131,Navajo,AZ,44667,109175
132,Pima,AZ,58232,1063162
133,Pinal,AZ,49829,484239
134,Santa Cruz,AZ,49416,49158
135,Yavapai,AZ,55913,249081
136,Yuma,AZ,46441,213221
137,Arkansas,AR,63938,16307
138,Ashley,AR,46686,18262
139,Baxter,AR,46819,42875
140,Benton,AR,123114,311013
141,Boone,AR,44528,38530
142,Bradley,AR,48387,10104
143,Calhoun,AR,49037,4641
144,Carroll,AR,41516,28814
145,Chicot,AR,49835,9538
146,Clark,AR,44397,21274
147,Clay,AR,46032,14201
148,Cleburne,AR,51355,25445
149,Cleveland,AR,50996,7378
150,Columbia,AR,48542,22150
151,Conway,AR,49464,21077
152,Craighead,AR,49625,113993
153,Crawford,AR,43595,61891
154,Crittenden,AR,47271,47139
155,Cross,AR,45553,16420
156,Dallas,AR,48893,6185
157,Desha,AR,51547,10479
158,Drew,AR,48730,16945
159,Faulkner,AR,51017,129951
160,Franklin,AR,42944,17468
161,Fulton,AR,36218,12421
162,Garland,AR,52506,99784
163,Grant,AR,50128,18383
164,Greene,AR,43710,46743
165,Hempstead,AR,42015,19343
166,Hot Spring,AR,39936,33258
167,Howard,AR,44311,12533
168,Independence,AR,47318,38320
169,Izard,AR,38281,14169
170,Jackson,AR,49638,16784
171,Jefferson,AR,43046,63661
172,Johnson,AR,35549,26129
173,Lafayette,AR,50109,6095
174,Lawrence,AR,43536,16318
175,Lee,AR,37402,8201
176,Lincoln,AR,32565,12898
177,Little River,AR,42731,11805
178,Logan,AR,40613,21400
179,Lonoke,AR,51952,75944
180,Madison,AR,42673,17775
181,Marion,AR,39163,17514
182,Miller,AR,42293,42415
183,Mississippi,AR,47237,38663
184,Monroe,AR,45511,6512
185,Montgomery,AR,40367,8620
186,Nevada,AR,39904,8120
187,Newton,AR,39704,7071
188,Ouachita,AR,51167,21793
189,Perry,AR,47868,10184
190,Phillips,AR,46576,14961
191,Pike,AR,42381,10208
192,Poinsett,AR,46750,22397
193,Polk,AR,39863,19436
194,Pope,AR,43838,64593
195,Prairie,AR,49123,8036
196,Pulaski,AR,65851,400009
197,Randolph,AR,41112,18907
198,St. Francis,AR,37401,22101
199,Saline,AR,54851,129574
200,Scott,AR,38982,9851
201,Searcy,AR,35719,7806
202,Sebastian,AR,50348,129098
203,Sevier,AR,42946,15632
204,Sharp,AR,43491,17968
205,Stone,AR,39075,12671
206,Union,AR,56838,37397
207,Van Buren,AR,41926,16142
208,Washington,AR,51797,261549
209,White,AR,46269,78452
210,Woodruff,AR,57492,5964
211,Yell,AR,44170,20044
212,Alameda,CA,106657,1622188
213,Alpine,CA,75395,1141
214,Amador,CA,50020,41811
215,Butte,CA,56847,207172
216,Calaveras,CA,58425,46565
217,Colusa,CA,58303,22037
218,Contra Costa,CA,103218,1155025
219,Del Norte,CA,47141,26589
220,El Dorado,CA,84533,192215
221,Fresno,CA,52728,1017162
222,Glenn,CA,53013,28129
223,Humboldt,CA,57264,133985
224,Imperial,CA,47991,179057
225,Inyo,CA,64246,18527
226,Kern,CA,47350,913820
227,Kings,CA,43994,152682
228,Lake,CA,48198,67878
229,Lassen,CA,43736,28861
230,Los Angeles,CA,78302,9663345
231,Madera,CA,46709,162858
232,Marin,CA,180575,254407
233,Mariposa,CA,65423,16919
234,Mendocino,CA,59050,89108
235,Merced,CA,46654,291920
236,Modoc,CA,60674,8500
237,Mono,CA,70699,13066
238,Monterey,CA,68943,430723
239,Napa,CA,94973,133216
240,Nevada,CA,75539,102037
241,Orange,CA,88897,3135755
242,Placer,CA,85265,423561
243,Plumas,CA,64856,19131
244,Riverside,CA,53750,2492442
245,Sacramento,CA,65104,1584288
246,San Benito,CA,66310,68175
247,San Bernardino,CA,51194,2195611
248,San Diego,CA,79122,3269973
249,San Francisco,CA,164807,808988
250,San Joaquin,CA,59361,800965
251,San Luis Obispo,CA,72721,281639
252,San Mateo,CA,172828,726353
253,Santa Barbara,CA,82736,441257
254,Santa Clara,CA,151003,1877592
255,Santa Cruz,CA,88581,261547
256,Shasta,CA,57637,180366
257,Sierra,CA,53251,3200
258,Siskiyou,CA,55052,42905
259,Solano,CA,64514,449218
260,Sonoma,CA,83408,481812
261,Stanislaus,CA,53058,551430
262,Sutter,CA,53900,97948
263,Tehama,CA,49265,64896
264,Trinity,CA,38243,15670
265,Tulare,CA,48253,479468
266,Tuolumne,CA,56239,54204
267,Ventura,CA,78091,829590
268,Yolo,CA,67778,220544
269,Yuba,CA,50587,85722
270,Adams,CO,58851,533365
271,Alamosa,CO,44666,16655
272,Arapahoe,CO,81414,656061
273,Archuleta,CO,58325,14189
274,Baca,CO,60686,3344
275,Bent,CO,34152,5681
276,Boulder,CO,100242,326831
277,Broomfield,CO,90712,76860
278,Chaffee,CO,66503,20617
279,Cheyenne,CO,83285,1727
280,Clear Creek,CO,78739,9147
281,Conejos,CO,46523,7521
282,Costilla,CO,40830,3628
283,Crowley,CO,25013,5636
284,Custer,CO,53797,5534
285,Delta,CO,50137,31746
286,Denver,CO,116530,716577
287,Dolores,CO,40158,2513
288,Douglas,CO,102928,383906
289,Eagle,CO,128041,54381
290,Elbert,CO,76970,28806
291,El Paso,CO,65715,744215
292,Fremont,CO,43608,50318
293,Garfield,CO,71629,62707
294,Gilpin,CO,69394,5926
295,Grand,CO,73848,15935
296,Gunnison,CO,70391,17321
297,Hinsdale,CO,70643,765
298,Huerfano,CO,49718,7055
299,Jackson,CO,68367,1309
300,Jefferson,CO,85164,576366
301,Kiowa,CO,74467,1384
302,Kit Carson,CO,55134,6994
303,Lake,CO,53990,7365
304,La Plata,CO,76558,56407
305,Larimer,CO,71359,370771
306,Las Animas,CO,47010,14348
307,Lincoln,CO,41629,5480
308,Logan,CO,55137,20619
309,Mesa,CO,57653,159681
310,Mineral,CO,76234,944
311,Moffat,CO,52090,13327
312,Montezuma,CO,53105,26531
313,Montrose,CO,55673,44156
314,Morgan,CO,53136,29524
315,Otero,CO,44018,18136
316,Ouray,CO,88367,5176
317,Park,CO,61974,18117
318,Phillips,CO,58035,4476
319,Pitkin,CO,255839,16640
320,Prowers,CO,49097,11751
321,Pueblo,CO,48891,169422
322,Rio Blanco,CO,63017,6569
323,Rio Grande,CO,60174,11188
324,Routt,CO,131507,25064
325,Saguache,CO,42621,6688
326,San Juan,CO,55971,802
327,San Miguel,CO,156403,7868
328,Sedgwick,CO,54706,2299
329,Summit,CO,105034,30465
330,Teller,CO,67575,24617
331,Washington,CO,49437,4855
332,Weld,CO,62532,359442
333,Yuma,CO,55215,9862
334,Fairfield,CT,139006,963780
335,Hartford,CT,75433,898478
336,Litchfield,CT,82210,186551
337,Middlesex,CT,80853,166110
338,New Haven,CT,68387,865717
339,New London,CT,69755,268518
340,Tolland,CT,67916,150906
341,Windham,CT,56773,117116
342,Kent,DE,52494,189789
343,New Castle,DE,70792,578592
344,Sussex,DE,68532,263509
345,District of Columbia,DC,106816,678972
346,Alachua,FL,55872,285994
347,Baker,FL,46794,28368
348,Bay,FL,56070,190769
349,Bradford,FL,43418,27858
350,Brevard,FL,60162,643979
351,Broward,FL,70982,1962531
352,Calhoun,FL,38342,13470
353,Charlotte,FL,55332,206134
354,Citrus,FL,47178,166696
355,Clay,FL,56382,232439
356,Collier,FL,134527,404310
357,Columbia,FL,45995,73063
358,DeSoto,FL,34786,35979
359,Dixie,FL,35895,17465
360,Duval,FL,58975,1030822
361,Escambia,FL,55416,326928
362,Flagler,FL,63819,131439
363,Franklin,FL,45384,12594
364,Gadsden,FL,47181,43833
365,Gilchrist,FL,45053,19587
366,Glades,FL,32897,12786
367,Gulf,FL,50687,15693
368,Hamilton,FL,37368,13471
369,Hardee,FL,36871,25760
370,Hendry,FL,41164,43333
371,Hernando,FL,49176,212807
372,Highlands,FL,44177,107614
373,Hillsborough,FL,63640,1535564
374,Holmes,FL,41258,19944
375,Indian River,FL,105827,169795
376,Jackson,FL,40972,48622
377,Jefferson,FL,52094,15450
378,Lafayette,FL,35986,8078
379,Lake,FL,55387,424462
380,Lee,FL,65878,834573
381,Leon,FL,57139,296913
382,Levy,FL,47517,46545
383,Liberty,FL,35661,7706
384,Madison,FL,44697,18519
385,Manatee,FL,64096,441095
386,Marion,FL,46682,409959
387,Martin,FL,114799,163315
388,Miami-Dade,FL,75182,2686867
389,Monroe,FL,130525,80614
390,Nassau,FL,79701,101501
391,Okaloosa,FL,62236,218464
392,Okeechobee,FL,42702,41427
393,Orange,FL,59767,1471416
394,Osceola,FL,47824,437784
395,Palm Beach,FL,117322,1533801
396,Pasco,FL,56734,632996
397,Pinellas,FL,71904,961596
398,Polk,FL,44430,818330
399,Putnam,FL,41712,75955
400,St. Johns,FL,89347,320110
401,St. Lucie,FL,54842,373586
402,Santa Rosa,FL,59385,203162
403,Sarasota,FL,85157,469013
404,Seminole,FL,62804,484271
405,Sumter,FL,71231,151565
406,Suwannee,FL,44416,46130
407,Taylor,FL,39813,21582
408,Union,FL,28946,15532
409,Volusia,FL,55824,590357
410,Wakulla,FL,52124,36449
411,Walton,FL,89435,86354
412,Washington,FL,38734,25602
413,Appling,GA,48022,18457
414,Atkinson,GA,36641,8293
415,Bacon,GA,41682,11124
416,Baker,GA,47906,2743
417,Baldwin,GA,45617,43396
418,Banks,GA,43896,19789
419,Barrow,GA,50221,92792
420,Bartow,GA,51396,115041
421,Ben Hill,GA,42217,17128
422,Berrien,GA,41787,18570
423,Bibb,GA,48455,156512
424,Bleckley,GA,42820,12465
425,Brantley,GA,37617,18401
426,Brooks,GA,40884,16245
427,Bryan,GA,60655,49739
428,Bulloch,GA,40939,84327
429,Burke,GA,42661,24438
430,Butts,GA,44514,26887
431,Calhoun,GA,35593,5457
432,Camden,GA,46608,58118
433,Candler,GA,42764,11059
434,Carroll,GA,51798,127098
435,Catoosa,GA,45791,68910
436,Charlton,GA,32717,12934
437,Chatham,GA,59376,303655
438,Chattahoochee,GA,38026,8661
439,Chattooga,GA,38269,25222
440,Cherokee,GA,71255,286602
441,Clarke,GA,43899,129933
442,Clay,GA,39127,2853
443,Clayton,GA,34871,298300
444,Clinch,GA,45218,6746
445,Cobb,GA,75176,776743
446,Coffee,GA,40334,43317
447,Colquitt,GA,42437,46167
448,Columbia,GA,61147,165162
449,Cook,GA,40392,17714
450,Coweta,GA,62396,155892
451,Crawford,GA,40651,12277
452,Crisp,GA,48309,19631
453,Dade,GA,43769,16165
454,Dawson,GA,63599,31732
455,Decatur,GA,44657,29087
456,DeKalb,GA,67811,762992
457,Dodge,GA,38758,19776
458,Dooly,GA,43325,10981
459,Dougherty,GA,47803,82645
460,Douglas,GA,45636,149160
461,Early,GA,44161,10563
462,Echols,GA,34289,3709
463,Effingham,GA,50587,71541
464,Elbert,GA,44067,20013
465,Emanuel,GA,41102,23119
466,Evans,GA,42033,10754
467,Fannin,GA,54467,25955
468,Fayette,GA,77577,123351
469,Floyd,GA,46727,100113
470,Forsyth,GA,84447,272887
471,Franklin,GA,41656,24782
472,Fulton,GA,106131,1079105
473,Gilmer,GA,47155,32860
474,Glascock,GA,41959,2954
475,Glynn,GA,62751,86172
476,Gordon,GA,45960,59757
477,Grady,GA,39758,26066
478,Greene,GA,82896,20722
479,Gwinnett,GA,54331,983526
480,Habersham,GA,40806,48757
481,Hall,GA,60036,217267
482,Hancock,GA,36621,8676
483,Haralson,GA,46887,32038
484,Harris,GA,60495,36654
485,Hart,GA,46368,27556
486,Heard,GA,41968,12034
487,Henry,GA,49576,254613
488,Houston,GA,50250,171974
489,Irwin,GA,45263,9120
490,Jackson,GA,58834,88615
491,Jasper,GA,49780,16455
492,Jeff Davis,GA,38657,14906
493,Jefferson,GA,45063,15183
494,Jenkins,GA,38045,8627
495,Johnson,GA,34237,9282
496,Jones,GA,45119,28969
497,Lamar,GA,45645,20401
498,Lanier,GA,35327,10452
499,Laurens,GA,45805,49941
500,Lee,GA,53825,33872
501,Liberty,GA,41343,69210
502,Lincoln,GA,48452,7879
503,Long,GA,40741,19594
504,Lowndes,GA,45758,120712
505,Lumpkin,GA,49173,35258
506,McDuffie,GA,44291,21799
507,McIntosh,GA,50929,11501
508,Macon,GA,41839,11817
509,Madison,GA,46890,32191
510,Marion,GA,39386,7440
511,Meriwether,GA,46981,20931
512,Miller,GA,52904,5747
513,Mitchell,GA,44877,21114
514,Monroe,GA,56136,30625
515,Montgomery,GA,37828,8761
516,Morgan,GA,63507,21460
517,Murray,GA,38846,41035
518,Muscogee,GA,51442,201877
519,Newton,GA,43952,120135
520,Oconee,GA,87461,44182
521,Oglethorpe,GA,47014,15754
522,Paulding,GA,50181,183164
523,Peach,GA,46062,28805
524,Pickens,GA,63367,35969
525,Pierce,GA,42832,20425
526,Pike,GA,52786,20461
527,Polk,GA,41831,44223
528,Pulaski,GA,41152,10095
529,Putnam,GA,58653,23129
530,Quitman,GA,39745,2280
531,Rabun,GA,54148,17442
532,Randolph,GA,45285,6078
533,Richmond,GA,45441,205414
534,Rockdale,GA,43568,95987
535,Schley,GA,45658,4526
536,Screven,GA,42295,14174
537,Seminole,GA,47396,9092
538,Spalding,GA,44742,69946
539,Stephens,GA,46093,27228
540,Stewart,GA,36853,4674
541,Sumter,GA,45394,28890
542,Talbot,GA,49053,5718
543,Taliaferro,GA,41595,1609
544,Tattnall,GA,35381,24296
545,Taylor,GA,42058,7758
546,Telfair,GA,34086,10920
547,Terrell,GA,48546,8718
548,Thomas,GA,57135,45649
549,Tift,GA,48399,41554
550,Toombs,GA,44036,27040
551,Towns,GA,51955,13035
552,Treutlen,GA,41701,6341
553,Troup,GA,47658,70742
554,Turner,GA,39005,8909
555,Twiggs,GA,45169,7691
556,Union,GA,47853,27124
557,Upson,GA,43541,28263
558,Walker,GA,44195,69489
559,Walton,GA,53871,106702
560,Ware,GA,39743,36243
561,Warren,GA,42403,5106
562,Washington,GA,43518,19820
563,Wayne,GA,39274,31373
564,Webster,GA,43964,2337
565,Wheeler,GA,24588,7081
566,White,GA,50043,29026
567,Whitfield,GA,47955,103687
568,Wilcox,GA,32581,8779
569,Wilkes,GA,51478,9518
570,Wilkinson,GA,43443,8725
571,Worth,GA,42753,20273
572,Hawaii,HI,52866,207615
573,Honolulu,HI,69893,989408
574,Kauai,HI,61257,73851
575,Maui + Kalawao,HI,62816,164264
576,Ada,ID,72588,524673
577,Adams,ID,45707,4903
578,Bannock,ID,50084,90400
579,Bear Lake,ID,49045,6766
580,Benewah,ID,45633,10369
581,Bingham,ID,48780,50395
582,Blaine,ID,187239,25041
583,Boise,ID,54614,8517
584,Bonner,ID,55464,52547
585,Bonneville,ID,60032,131366
586,Boundary,ID,47225,13557
587,Butte,ID,51958,2758
588,Camas,ID,60737,1232
589,Canyon,ID,47903,257674
590,Caribou,ID,50947,7219
591,Cassia,ID,54685,25696
592,Clark,ID,44385,801
593,Clearwater,ID,43947,9214
594,Custer,ID,52420,4523
595,Elmore,ID,46255,29724
596,Franklin,ID,45872,15494
597,Fremont (includes Yellowstone Park),ID,47011,14196
598,Gem,ID,47755,21071
599,Gooding,ID,63424,16061
600,Idaho,ID,45574,17890
601,Jefferson,ID,48137,34198
602,Jerome,ID,46359,25479
603,Kootenai,ID,63893,185010
604,Latah,ID,54794,41301
605,Lemhi,ID,53841,8441
606,Lewis,ID,54650,3739
607,Lincoln,ID,46300,5450
608,Madison,ID,29168,54547
609,Minidoka,ID,49862,22480
610,Nez Perce,ID,56586,42987
611,Oneida,ID,49108,4953
612,Owyhee,ID,48928,12722
613,Payette,ID,49505,27279
614,Power,ID,46316,8253
615,Shoshone,ID,45440,14026
616,Teton,ID,69601,12549
617,Twin Falls,ID,52087,95156
618,Valley,ID,66382,12644
619,Washington,ID,44134,11425
620,Adams,IL,59776,64441
621,Alexander,IL,52117,4695
622,Bond,IL,47531,16450
623,Boone,IL,57922,53202
624,Brown,IL,48654,6294
625,Bureau,IL,53797,32729
626,Calhoun,IL,58359,4317
627,Carroll,IL,52391,15526
628,Cass,IL,52006,12596
629,Champaign,IL,58838,205644
630,Christian,IL,52047,33228
631,Clark,IL,53733,15088
632,Clay,IL,52329,12999
633,Clinton,IL,63612,36785
634,Coles,IL,55509,46060
635,Cook,IL,77937,5087072
636,Crawford,IL,60780,18300
637,Cumberland,IL,97381,10261
638,DeKalb,IL,53309,100288
639,De Witt,IL,58783,15365
640,Douglas,IL,71677,19629
641,DuPage,IL,95811,921213
642,Edgar,IL,57659,16334
643,Edwards,IL,51839,5968
644,Effingham,IL,67028,34331
645,Fayette,IL,46554,21164
646,Ford,IL,71035,13250
647,Franklin,IL,48167,37138
648,Fulton,IL,50832,32541
649,Gallatin,IL,57607,4670
650,Greene,IL,53257,11543
651,Grundy,IL,61898,53578
652,Hamilton,IL,55005,7911
653,Hancock,IL,58593,17186
654,Hardin,IL,55331,3569
655,Henderson,IL,56375,6088
656,Henry,IL,58648,48448
657,Iroquois,IL,57912,26136
658,Jackson,IL,49775,52141
659,Jasper,IL,56458,9144
660,Jefferson,IL,49840,36320
661,Jersey,IL,55010,21091
662,Jo Daviess,IL,59940,21756
663,Johnson,IL,41389,13326
664,Kane,IL,67922,514982
665,Kankakee,IL,53698,105940
666,Kendall,IL,61717,139976
667,Knox,IL,49682,48411
668,Lake,IL,99895,708760
669,LaSalle,IL,56311,108309
670,Lawrence,IL,41696,14813
671,Lee,IL,53618,33654
672,Livingston,IL,57597,35320
673,Logan,IL,49419,27590
674,McDonough,IL,50246,26839
675,McHenry,IL,69641,312800
676,McLean,IL,61174,170441
677,Macon,IL,60030,100591
678,Macoupin,IL,54510,44018
679,Madison,IL,60115,262752
680,Marion,IL,53678,36673
681,Marshall,IL,58048,11683
682,Mason,IL,57624,12523
683,Massac,IL,48903,13661
684,Menard,IL,59630,11954
685,Mercer,IL,59739,15487
686,Monroe,IL,74760,34957
687,Montgomery,IL,45501,27663
688,Morgan,IL,52865,32140
689,Moultrie,IL,85579,14342
690,Ogle,IL,57128,51265
691,Peoria,IL,62066,177513
692,Perry,IL,47556,20503
693,Piatt,IL,70047,16714
694,Pike,IL,56213,14342
695,Pope,IL,40154,3707
696,Pulaski,IL,47344,4911
697,Putnam,IL,70122,5561
698,Randolph,IL,48860,29815
699,Richland,IL,52848,15488
700,Rock Island,IL,52525,141236
701,St. Clair,IL,59412,251018
702,Saline,IL,51956,22873
703,Sangamon,IL,60497,193491
704,Schuyler,IL,53470,6733
705,Scott,IL,56623,4710
706,Shelby,IL,54393,20568
707,Stark,IL,62669,5218
708,Stephenson,IL,54743,43105
709,Tazewell,IL,60555,129541
710,Union,IL,51681,16667
711,Vermilion,IL,51471,71652
712,Wabash,IL,53847,10942
713,Warren,IL,56656,16185
714,Washington,IL,62378,13536
715,Wayne,IL,50793,15761
716,White,IL,61640,13401
717,Whiteside,IL,54875,54498
718,Will,IL,68225,700728
719,Williamson,IL,55757,66706
720,Winnebago,IL,53553,280922
721,Woodford,IL,66670,38285
722,Adams,IN,50881,36288
723,Allen,IN,60607,394545
724,Bartholomew,IN,65564,84003
725,Benton,IN,56092,8729
726,Blackford,IN,46989,11893
727,Boone,IN,97028,76120
728,Brown,IN,61898,15653
729,Carroll,IN,53144,20525
730,Cass,IN,49257,37666
731,Clark,IN,56729,125467
732,Clay,IN,47328,26460
733,Clinton,IN,48728,32730
734,Crawford,IN,44174,10438
735,Daviess,IN,59193,33656
736,Dearborn,IN,60731,51215
737,Decatur,IN,55366,26399
738,DeKalb,IN,56870,44198
739,Delaware,IN,47629,112321
740,Dubois,IN,68645,43546
741,Elkhart,IN,58662,206409
742,Fayette,IN,50175,23362
743,Floyd,IN,66690,80809
744,Fountain,IN,53298,16731
745,Franklin,IN,57550,23096
746,Fulton,IN,52342,20358
747,Gibson,IN,58378,32904
748,Grant,IN,49748,66200
749,Greene,IN,52586,31196
750,Hamilton,IN,99456,371645
751,Hancock,IN,65651,86166
752,Harrison,IN,57403,40006
753,Hendricks,IN,62305,186387
754,Henry,IN,48320,48929
755,Howard,IN,50368,83831
756,Huntington,IN,52450,36781
757,Jackson,IN,51461,46460
758,Jasper,IN,60384,33535
759,Jay,IN,53566,20032
760,Jefferson,IN,54925,33056
761,Jennings,IN,51768,27622
762,Johnson,IN,61983,167819
763,Knox,IN,56279,36070
764,Kosciusko,IN,59499,80364
765,Lagrange,IN,53984,40907
766,Lake,IN,56172,500598
767,LaPorte,IN,53144,111706
768,Lawrence,IN,54421,45084
769,Madison,IN,48479,132504
770,Marion,IN,70999,968460
771,Marshall,IN,53579,46352
772,Martin,IN,53113,9897
773,Miami,IN,42691,35402
774,Monroe,IN,57379,139342
775,Montgomery,IN,51959,38573
776,Morgan,IN,56426,73227
777,Newton,IN,53359,13960
778,Noble,IN,52042,47430
779,Ohio,IN,55398,6004
780,Orange,IN,47330,19638
781,Owen,IN,51946,21532
782,Parke,IN,53000,16484
783,Perry,IN,46830,19209
784,Pike,IN,50515,12106
785,Porter,IN,66906,175335
786,Posey,IN,61689,25040
787,Pulaski,IN,59327,12385
788,Putnam,IN,48687,37567
789,Randolph,IN,55009,24216
790,Ripley,IN,52541,29227
791,Rush,IN,58058,16847
792,St. Joseph,IN,56895,272848
793,Scott,IN,46902,24657
794,Shelby,IN,55484,45231
795,Spencer,IN,56258,19910
796,Starke,IN,44313,23206
797,Steuben,IN,56713,34917
798,Sullivan,IN,45407,20757
799,Switzerland,IN,43212,10019
800,Tippecanoe,IN,50492,188792
801,Tipton,IN,53169,15256
802,Union,IN,51547,6973
803,Vanderburgh,IN,59500,179810
804,Vermillion,IN,48525,15417
805,Vigo,IN,48802,106153
806,Wabash,IN,56584,30670
807,Warren,IN,56648,8518
808,Warrick,IN,71369,65867
809,Washington,IN,51198,28205
810,Wayne,IN,52493,66127
811,Wells,IN,53280,28555
812,White,IN,56248,24917
813,Whitley,IN,57565,34742
814,Adair,IA,69294,7389
815,Adams,IA,64379,3544
816,Allamakee,IA,55377,14074
817,Appanoose,IA,48205,12119
818,Audubon,IA,64517,5534
819,Benton,IA,70193,25796
820,Black Hawk,IA,55529,130471
821,Boone,IA,55664,26590
822,Bremer,IA,61420,25307
823,Buchanan,IA,61848,20691
824,Buena Vista,IA,53369,20567
825,Butler,IA,60549,14172
826,Calhoun,IA,60792,9763
827,Carroll,IA,65159,20522
828,Cass,IA,61849,13130
829,Cedar,IA,66315,18302
830,Cerro Gordo,IA,79493,42406
831,Cherokee,IA,95566,11605
832,Chickasaw,IA,106632,11658
833,Clarke,IA,50014,9588
834,Clay,IA,62951,16511
835,Clayton,IA,65588,16969
836,Clinton,IA,53442,46158
837,Crawford,IA,54564,16013
838,Dallas,IA,84495,111092
839,Davis,IA,56856,9169
840,Decatur,IA,44361,7665
841,Delaware,IA,60775,17600
842,Des Moines,IA,58928,38253
843,Dickinson,IA,79429,18056
844,Dubuque,IA,63435,98887
845,Emmet,IA,51744,9229
846,Fayette,IA,53333,19210
847,Floyd,IA,60794,15326
848,Franklin,IA,63224,9875
849,Fremont,IA,60566,6458
850,Greene,IA,59822,8584
851,Grundy,IA,65012,12384
852,Guthrie,IA,68446,10722
853,Hamilton,IA,60409,14729
854,Hancock,IA,63316,10615
855,Hardin,IA,77229,16463
856,Harrison,IA,59741,14670
857,Henry,IA,52183,19547
858,Howard,IA,63532,9376
859,Humboldt,IA,59055,9500
860,Ida,IA,76071,6833
861,Iowa,IA,61176,16381
862,Jackson,IA,56935,19342
863,Jasper,IA,52040,37919
864,Jefferson,IA,57961,15440
865,Johnson,IA,63487,157528
866,Jones,IA,55571,20900
867,Keokuk,IA,56070,9914
868,Kossuth,IA,63562,14396
869,Lee,IA,52269,32565
870,Linn,IA,63407,228972
871,Louisa,IA,53254,10513
872,Lucas,IA,49937,8747
873,Lyon,IA,68302,12324
874,Madison,IA,61924,16971
875,Mahaska,IA,55210,21874
876,Marion,IA,64302,33770
877,Marshall,IA,49357,40014
878,Mills,IA,69748,14633
879,Mitchell,IA,110907,10518
880,Monona,IA,60126,8493
881,Monroe,IA,58282,7504
882,Montgomery,IA,50995,10139
883,Muscatine,IA,57595,42218
884,O'Brien,IA,63799,14012
885,Osceola,IA,60171,5978
886,Page,IA,54431,15014
887,Palo Alto,IA,59206,8810
888,Plymouth,IA,66979,25722
889,Pocahontas,IA,56936,6976
890,Polk,IA,66761,505255
891,Pottawattamie,IA,58306,93179
892,Poweshiek,IA,56638,18453
893,Ringgold,IA,54984,4642
894,Sac,IA,75597,9686
895,Scott,IA,66748,174270
896,Shelby,IA,64704,11806
897,Sioux,IA,67668,36246
898,Story,IA,55798,98566
899,Tama,IA,56041,16833
900,Taylor,IA,54697,5924
901,Union,IA,50034,11906
902,Van Buren,IA,48677,7266
903,Wapello,IA,47419,35166
904,Warren,IA,64502,55205
905,Washington,IA,80062,22560
906,Wayne,IA,53428,6557
907,Webster,IA,53213,36485
908,Winnebago,IA,53158,10571
909,Winneshiek,IA,62049,19815
910,Woodbury,IA,53685,105951
911,Worth,IA,56008,7297
912,Wright,IA,68410,12656
913,Allen,KS,50687,12412
914,Anderson,KS,54518,7838
915,Atchison,KS,45739,16016
916,Barber,KS,59643,4071
917,Barton,KS,59485,24899
918,Bourbon,KS,49298,14408
919,Brown,KS,54718,9250
920,Butler,KS,57748,68632
921,Chase,KS,66523,2579
922,Chautauqua,KS,47835,3347
923,Cherokee,KS,55543,19054
924,Cheyenne,KS,64275,2636
925,Clark,KS,60744,1847
926,Clay,KS,53949,8007
927,Cloud,KS,53067,8854
928,Coffey,KS,58337,8251
929,Comanche,KS,60615,1655
930,Cowley,KS,47207,34157
931,Crawford,KS,47790,38764
932,Decatur,KS,65912,2712
933,Dickinson,KS,51568,18445
934,Doniphan,KS,51625,7493
935,Douglas,KS,56846,120553
936,Edwards,KS,74594,2733
937,Elk,KS,47572,2467
938,Ellis,KS,58661,28810
939,Ellsworth,KS,52060,6357
940,Finney,KS,52953,37466
941,Ford,KS,48219,33980
942,Franklin,KS,51709,26125
943,Geary,KS,53932,35047
944,Gove,KS,93617,2735
945,Graham,KS,72489,2376
946,Grant,KS,55067,7147
947,Gray,KS,75419,5743
948,Greeley,KS,104174,1181
949,Greenwood,KS,53469,5870
950,Hamilton,KS,96996,2437
951,Harper,KS,64601,5435
952,Harvey,KS,54695,33504
953,Haskell,KS,86892,3630
954,Hodgeman,KS,74269,1655
955,Jackson,KS,53147,13368
956,Jefferson,KS,58042,18327
957,Jewell,KS,68978,2847
958,Johnson,KS,102693,622237
959,Kearny,KS,69427,3823
960,Kingman,KS,59356,7066
961,Kiowa,KS,56167,2374
962,Labette,KS,51806,19728
963,Lane,KS,98681,1529
964,Leavenworth,KS,53757,83518
965,Lincoln,KS,57773,2920
966,Linn,KS,50711,9860
967,Logan,KS,69978,2665
968,Lyon,KS,49529,32172
969,McPherson,KS,64594,30091
970,Marion,KS,52183,11690
971,Marshall,KS,50960,9933
972,Meade,KS,75656,3911
973,Miami,KS,63817,35320
974,Mitchell,KS,78857,5719
975,Montgomery,KS,46735,30568
976,Morris,KS,56022,5334
977,Morton,KS,61783,2580
978,Nemaha,KS,71607,10114
979,Neosho,KS,50698,15420
980,Ness,KS,77970,2618
981,Norton,KS,61506,5330
982,Osage,KS,53431,15824
983,Osborne,KS,66994,3427
984,Ottawa,KS,55673,5818
985,Pawnee,KS,51405,6126
986,Phillips,KS,71198,4761
987,Pottawatomie,KS,65218,26382
988,Pratt,KS,60341,9082
989,Rawlins,KS,75897,2463
990,Reno,KS,51423,61497
991,Republic,KS,54892,4627
992,Rice,KS,55134,9260
993,Riley,KS,53971,71402
994,Rooks,KS,55630,4778
995,Rush,KS,66255,2830
996,Russell,KS,59870,6723
997,Saline,KS,60591,53098
998,Scott,KS,68367,4922
999,Sedgwick,KS,61462,528469
1000,Seward,KS,47846,21067
1001,Shawnee,KS,58412,177746
1002,Sheridan,KS,64147,2423
1003,Sherman,KS,57304,5844
1004,Smith,KS,67860,3590
1005,Stafford,KS,60316,3909
1006,Stanton,KS,91580,1901
1007,Stevens,KS,57057,5077
1008,Sumner,KS,51274,22334
1009,Thomas,KS,60027,7865
1010,Trego,KS,70367,2731
1011,Wabaunsee,KS,60700,7057
1012,Wallace,KS,59710,1509
1013,Washington,KS,55727,5504
1014,Wichita,KS,66361,2082
1015,Wilson,KS,52380,8382
1016,Woodson,KS,49343,3115
1017,Wyandotte,KS,41273,165281
1018,Adair,KY,43430,19264
1019,Allen,KY,41417,21788
1020,Anderson,KY,48357,24613
1021,Ballard,KY,54570,7582
1022,Barren,KY,44502,45008
1023,Bath,KY,40141,12975
1024,Bell,KY,42353,23317
1025,Boone,KY,62066,140496
1026,Bourbon,KY,60106,20134
1027,Boyd,KY,49074,47826
1028,Boyle,KY,49125,30988
1029,Bracken,KY,46473,8426
1030,Breathitt,KY,42633,12953
1031,Breckinridge,KY,42080,21124
1032,Bullitt,KY,54121,84863
1033,Butler,KY,44967,12375
1034,Caldwell,KY,45883,12551
1035,Calloway,KY,45760,38280
1036,Campbell,KY,66222,93702
1037,Carlisle,KY,57656,4704
1038,Carroll,KY,48948,10987
1039,Carter,KY,40853,26366
1040,Casey,KY,42262,15918
1041,Christian,KY,46804,72032
1042,Clark,KY,51148,37304
1043,Clay,KY,40899,19648
1044,Clinton,KY,44343,9148
1045,Crittenden,KY,44336,8974
1046,Cumberland,KY,54202,6000
1047,Daviess,KY,52446,103458
1048,Edmonson,KY,41551,12448
1049,Elliott,KY,29689,7245
1050,Estill,KY,42324,13936
1051,Fayette,KY,65766,320154
1052,Fleming,KY,42128,15442
1053,Floyd,KY,45540,34423
1054,Franklin,KY,52606,51644
1055,Fulton,KY,43619,6338
1056,Gallatin,KY,45611,8792
1057,Garrard,KY,46035,17829
1058,Grant,KY,47749,25619
1059,Graves,KY,51262,36461
1060,Grayson,KY,43794,26825
1061,Green,KY,43751,11468
1062,Greenup,KY,50917,35221
1063,Hancock,KY,64129,8920
1064,Hardin,KY,56117,112273
1065,Harlan,KY,40111,25324
1066,Harrison,KY,44682,19415
1067,Hart,KY,44753,19724
1068,Henderson,KY,55562,44119
1069,Henry,KY,52499,15973
1070,Hickman,KY,54753,4447
1071,Hopkins,KY,49158,44929
1072,Jackson,KY,39236,13104
1073,Jefferson,KY,67663,772144
1074,Jessamine,KY,61703,55017
1075,Johnson,KY,41188,22116
1076,Kenton,KY,73345,171321
1077,Knott,KY,44273,13659
1078,Knox,KY,39065,29794
1079,Larue,KY,43899,15303
1080,Laurel,KY,42337,63296
1081,Lawrence,KY,41198,16000
1082,Lee,KY,36462,7293
1083,Leslie,KY,41877,9864
1084,Letcher,KY,42346,20423
1085,Lewis,KY,41161,12973
1086,Lincoln,KY,41970,24776
1087,Livingston,KY,49169,8892
1088,Logan,KY,47354,28283
1089,Lyon,KY,44255,9187
1090,McCracken,KY,64990,67428
1091,McCreary,KY,35036,17050
1092,McLean,KY,49877,9054
1093,Madison,KY,48025,96735
1094,Magoffin,KY,44371,11228
1095,Marion,KY,46832,19834
1096,Marshall,KY,52573,31744
1097,Martin,KY,33523,10928
1098,Mason,KY,51314,16841
1099,Meade,KY,49710,30131
1100,Menifee,KY,42933,6286
1101,Mercer,KY,46920,23097
1102,Metcalfe,KY,38441,10482
1103,Monroe,KY,44980,11306
1104,Montgomery,KY,45753,28527
1105,Morgan,KY,34380,14283
1106,Muhlenberg,KY,42598,30568
1107,Nelson,KY,56564,47730
1108,Nicholas,KY,41289,7686
1109,Ohio,KY,41556,23626
1110,Oldham,KY,82531,70183
1111,Owen,KY,41220,11313
1112,Owsley,KY,49867,4001
1113,Pendleton,KY,48191,14810
1114,Perry,KY,46219,27133
1115,Pike,KY,46272,55973
1116,Powell,KY,40504,12972
1117,Pulaski,KY,49580,66191
1118,Robertson,KY,41010,2313
1119,Rockcastle,KY,42505,16190
1120,Rowan,KY,40762,24409
1121,Russell,KY,57716,18279
1122,Scott,KY,56801,60168
1123,Shelby,KY,61248,49515
1124,Simpson,KY,46907,20195
1125,Spencer,KY,59165,20531
1126,Taylor,KY,42772,26443
1127,Todd,KY,50116,12494
1128,Trigg,KY,48027,14369
1129,Trimble,KY,49796,8607
1130,Union,KY,53319,13106
1131,Warren,KY,48546,142229
1132,Washington,KY,47570,12267
1133,Wayne,KY,37963,19580
1134,Webster,KY,51507,12726
1135,Whitley,KY,44924,36825
1136,Wolfe,KY,48386,6282
1137,Woodford,KY,65575,27268
1138,Acadia,LA,48445,56489
1139,Allen,LA,44650,22112
1140,Ascension,LA,63811,131632
1141,Assumption,LA,63846,20160
1142,Avoyelles,LA,48298,38408
1143,Beauregard,LA,52717,36827
1144,Bienville,LA,48274,12366
1145,Bossier,LA,56326,129795
1146,Caddo,LA,64383,226386
1147,Calcasieu,LA,54129,203761
1148,Caldwell,LA,42350,9389
1149,Cameron,LA,65580,4768
1150,Catahoula,LA,47040,8414
1151,Claiborne,LA,44286,13670
1152,Concordia,LA,44999,17688
1153,De Soto,LA,57251,27114
1154,East Baton Rouge,LA,66726,448467
1155,East Carroll,LA,35475,6829
1156,East Feliciana,LA,50032,19229
1157,Evangeline,LA,43355,31754
1158,Franklin,LA,42154,19285
1159,Grant,LA,39914,21911
1160,Iberia,LA,49213,67659
1161,Iberville,LA,55730,29617
1162,Jackson,LA,44759,14746
1163,Jefferson,LA,63448,421777
1164,Jefferson Davis,LA,48106,31553
1165,Lafayette,LA,66179,249750
1166,Lafourche,LA,57643,95056
1167,LaSalle,LA,40622,14800
1168,Lincoln,LA,50986,47962
1169,Livingston,LA,52193,150145
1170,Madison,LA,44624,9246
1171,Morehouse,LA,45316,23955
1172,Natchitoches,LA,52510,36291
1173,Orleans,LA,67403,364136
1174,Ouachita,LA,49818,157568
1175,Plaquemines,LA,58920,22386
1176,Pointe Coupee,LA,60708,20000
1177,Rapides,LA,56169,126260
1178,Red River,LA,59240,7356
1179,Richland,LA,47254,19712
1180,Sabine,LA,48715,21906
1181,St. Bernard,LA,43959,44463
1182,St. Charles,LA,60180,50620
1183,St. Helena,LA,48813,10774
1184,St. James,LA,70185,19191
1185,St. John the Baptist,LA,47598,39592
1186,St. Landry,LA,48881,81464
1187,St. Martin,LA,48737,51057
1188,St. Mary,LA,51224,47055
1189,St. Tammany,LA,78246,275583
1190,Tangipahoa,LA,50875,138064
1191,Tensas,LA,49739,3764
1192,Terrebonne,LA,53834,103616
1193,Union,LA,49698,20650
1194,Vermilion,LA,49563,56992
1195,Vernon,LA,50611,46250
1196,Washington,LA,44615,44865
1197,Webster,LA,54025,35238
1198,West Baton Rouge,LA,57094,28266
1199,West Carroll,LA,44689,9323
1200,West Feliciana,LA,47362,15371
1201,Winn,LA,49490,13216
1202,Androscoggin,ME,53731,113765
1203,Aroostook,ME,53650,67351
1204,Cumberland,ME,84606,310230
1205,Franklin,ME,50394,30828
1206,Hancock,ME,68181,56526
1207,Kennebec,ME,58278,127259
1208,Knox,ME,67794,40977
1209,Lincoln,ME,66465,36507
1210,Oxford,ME,50165,59905
1211,Penobscot,ME,53978,155312
1212,Piscataquis,ME,54776,17486
1213,Sagadahoc,ME,67538,37513
1214,Somerset,ME,50486,51302
1215,Waldo,ME,56702,40620
1216,Washington,ME,52366,31555
1217,York,ME,70640,218586
1218,Allegany,MD,49182,67273
1219,Anne Arundel,MD,84019,594582
1220,Baltimore,MD,74738,844703
1221,Calvert,MD,76018,94728
1222,Caroline,MD,56447,33593
1223,Carroll,MD,74895,176639
1224,Cecil,MD,59373,105672
1225,Charles,MD,66642,171973
1226,Dorchester,MD,57060,32879
1227,Frederick,MD,76664,293391
1228,Garrett,MD,57525,28423
1229,Harford,MD,71196,264644
1230,Howard,MD,95529,336001
1231,Kent,MD,77025,19303
1232,Montgomery,MD,100044,1058474
1233,Prince George's,MD,57096,947430
1234,Queen Anne's,MD,83650,52508
1235,St. Mary's,MD,70353,115281
1236,Somerset,MD,37345,24910
1237,Talbot,MD,98166,37823
1238,Washington,MD,56174,155813
1239,Wicomico,MD,48596,104800
1240,Worcester,MD,68163,54171
1241,Baltimore (Independent City),MD,64357,565239
1242,Barnstable,MA,92417,231735
1243,Berkshire,MA,70945,126818
1244,Bristol,MA,67109,581841
1245,Dukes,MA,98605,20819
1246,Essex,MA,84017,810089
1247,Franklin,MA,67327,70836
1248,Hampden,MA,64105,460291
1249,Hampshire,MA,63544,162502
1250,Middlesex,MA,108773,1623952
1251,Nantucket,MA,120333,14444
1252,Norfolk,MA,115585,727473
1253,Plymouth,MA,84693,535308
1254,Suffolk,MA,107027,768425
1255,Worcester,MA,69301,866866
1256,Alcona,MI,50791,10489
1257,Alger,MI,44619,8757
1258,Allegan,MI,58048,121939
1259,Alpena,MI,51634,28904
1260,Antrim,MI,59391,24409
1261,Arenac,MI,49129,15145
1262,Baraga,MI,43301,8310
1263,Barry,MI,59401,63808
1264,Bay,MI,52579,102500
1265,Benzie,MI,60458,18441
1266,Berrien,MI,61127,152261
1267,Branch,MI,44833,45215
1268,Calhoun,MI,47947,133366
1269,Cass,MI,57612,51642
1270,Charlevoix,MI,71589,26159
1271,Cheboygan,MI,50689,26048
1272,Chippewa,MI,46492,36264
1273,Clare,MI,43823,31316
1274,Clinton,MI,60589,79720
1275,Crawford,MI,43627,13538
1276,Delta,MI,47667,36790
1277,Dickinson,MI,57116,25982
1278,Eaton,MI,54197,108820
1279,Emmet,MI,75812,34123
1280,Genesee,MI,52520,401522
1281,Gladwin,MI,46537,25853
1282,Gogebic,MI,51349,14224
1283,Grand Traverse,MI,67800,96421
1284,Gratiot,MI,45517,41368
1285,Hillsdale,MI,44820,45587
1286,Houghton,MI,45077,37599
1287,Huron,MI,61320,30927
1288,Ingham,MI,52560,284637
1289,Ionia,MI,43547,66262
1290,Iosco,MI,48318,25373
1291,Iron,MI,50425,11740
1292,Isabella,MI,48011,64118
1293,Jackson,MI,48818,159424
1294,Kalamazoo,MI,63668,262215
1295,Kalkaska,MI,45992,18490
1296,Kent,MI,70662,661354
1297,Keweenaw,MI,60716,2172
1298,Lake,MI,38030,12734
1299,Lapeer,MI,53743,88977
1300,Leelanau,MI,85936,23019
1301,Lenawee,MI,51391,97520
1302,Livingston,MI,73173,196757
1303,Luce,MI,36921,6435
1304,Mackinac,MI,58255,10851
1305,Macomb,MI,58565,875101
1306,Manistee,MI,48967,25562
1307,Marquette,MI,49300,66999
1308,Mason,MI,50216,29159
1309,Mecosta,MI,45437,41099
1310,Menominee,MI,50410,22945
1311,Midland,MI,64106,84039
1312,Missaukee,MI,45640,15311
1313,Monroe,MI,59956,155045
1314,Montcalm,MI,42499,68154
1315,Montmorency,MI,44409,9678
1316,Muskegon,MI,49244,176564
1317,Newaygo,MI,46317,51108
1318,Oakland,MI,90781,1270426
1319,Oceana,MI,48691,26981
1320,Ogemaw,MI,42668,20990
1321,Ontonagon,MI,49622,5906
1322,Osceola,MI,49882,23330
1323,Oscoda,MI,46389,8545
1324,Otsego,MI,51685,25747
1325,Ottawa,MI,63265,303372
1326,Presque Isle,MI,50126,13285
1327,Roscommon,MI,47034,23863
1328,Saginaw,MI,50278,187782
1329,St. Clair,MI,55834,159874
1330,St. Joseph,MI,49695,60878
1331,Sanilac,MI,50153,40368
1332,Schoolcraft,MI,48919,8149
1333,Shiawassee,MI,50443,68025
1334,Tuscola,MI,47501,52826
1335,Van Buren,MI,52427,75798
1336,Washtenaw,MI,77537,365536
1337,Wayne,MI,52727,1751169
1338,Wexford,MI,45996,34122
1339,Aitkin,MN,51695,16102
1340,Anoka,MN,62935,372441
1341,Becker,MN,60360,35283
1342,Beltrami,MN,53382,46718
1343,Benton,MN,56137,41600
1344,Big Stone,MN,66381,5105
1345,Blue Earth,MN,55016,70006
1346,Brown,MN,64232,25628
1347,Carlton,MN,52392,36825
1348,Carver,MN,93242,111057
1349,Cass,MN,57880,31446
1350,Chippewa,MN,56174,12172
1351,Chisago,MN,62286,58535
1352,Clay,MN,53925,66258
1353,Clearwater,MN,54531,8644
1354,Cook,MN,65513,5639
1355,Cottonwood,MN,59882,11319
1356,Crow Wing,MN,56919,68304
1357,Dakota,MN,75019,447440
1358,Dodge,MN,60718,21088
1359,Douglas,MN,65827,39953
1360,Faribault,MN,55356,13873
1361,Fillmore,MN,56844,21522
1362,Freeborn,MN,56100,30515
1363,Goodhue,MN,65921,48035
1364,Grant,MN,58301,6139
1365,Hennepin,MN,95574,1258713
1366,Houston,MN,63545,18582
1367,Hubbard,MN,57515,22132
1368,Isanti,MN,55537,43182
1369,Itasca,MN,54574,45365
1370,Jackson,MN,61129,9919
1371,Kanabec,MN,51455,16602
1372,Kandiyohi,MN,61664,43813
1373,Kittson,MN,64925,4060
1374,Koochiching,MN,55115,11751
1375,Lac qui Parle,MN,66536,6630
1376,Lake,MN,57668,10855
1377,Lake of the Woods,MN,64010,3778
1378,Le Sueur,MN,63719,29255
1379,Lincoln,MN,60182,5521
1380,Lyon,MN,61228,25427
1381,McLeod,MN,61496,36785
1382,Mahnomen,MN,48138,5280
1383,Marshall,MN,72481,8810
1384,Martin,MN,60933,19657
1385,Meeker,MN,56379,23490
1386,Mille Lacs,MN,53553,27427
1387,Morrison,MN,53069,34250
1388,Mower,MN,56722,40058
1389,Murray,MN,67663,8049
1390,Nicollet,MN,60524,34242
1391,Nobles,MN,57743,21727
1392,Norman,MN,53560,6329
1393,Olmsted,MN,71904,164784
1394,Otter Tail,MN,59478,60626
1395,Pennington,MN,68190,13714
1396,Pine,MN,46122,30197
1397,Pipestone,MN,69853,9245
1398,Polk,MN,60175,30412
1399,Pope,MN,63885,11400
1400,Ramsey,MN,69310,536075
1401,Red Lake,MN,67464,3911
1402,Redwood,MN,76945,15288
1403,Renville,MN,62855,14348
1404,Rice,MN,55702,67948
1405,Rock,MN,61899,9551
1406,Roseau,MN,61800,15252
1407,St. Louis,MN,59235,200514
1408,Scott,MN,81213,155814
1409,Sherburne,MN,59643,102206
1410,Sibley,MN,60166,15084
1411,Stearns,MN,63053,160977
1412,Steele,MN,58222,37421
1413,Stevens,MN,57718,9728
1414,Swift,MN,69348,9719
1415,Todd,MN,62276,25667
1416,Traverse,MN,82905,3136
1417,Wabasha,MN,62412,21683
1418,Wadena,MN,49621,14241
1419,Waseca,MN,60130,18981
1420,Washington,MN,84018,278936
1421,Watonwan,MN,55976,11077
1422,Wilkin,MN,74577,6306
1423,Winona,MN,58318,49721
1424,Wright,MN,65241,151150
1425,Yellow Medicine,MN,71912,9467
1426,Adams,MS,45973,28746
1427,Alcorn,MS,47651,34135
1428,Amite,MS,42205,12442
1429,Attala,MS,42656,17359
1430,Benton,MS,45081,7438
1431,Bolivar,MS,51015,28968
1432,Calhoun,MS,42728,12685
1433,Carroll,MS,45400,9535
1434,Chickasaw,MS,39952,16866
1435,Choctaw,MS,42655,8088
1436,Claiborne,MS,38756,8617
1437,Clarke,MS,46428,15228
1438,Clay,MS,51599,18206
1439,Coahoma,MS,47742,20077
1440,Copiah,MS,42003,27664
1441,Covington,MS,47970,18059
1442,DeSoto,MS,56470,193247
1443,Forrest,MS,45405,78208
1444,Franklin,MS,42359,7610
1445,George,MS,41804,25619
1446,Greene,MS,34362,13601
1447,Grenada,MS,44304,21065
1448,Hancock,MS,48425,46159
1449,Harrison,MS,48902,210612
1450,Hinds,MS,51350,214870
1451,Holmes,MS,38193,15777
1452,Humphreys,MS,43876,7216
1453,Issaquena,MS,36046,1256
1454,Itawamba,MS,42737,24093
1455,Jackson,MS,48028,146389
1456,Jasper,MS,45999,16013
1457,Jefferson,MS,41876,6941
1458,Jefferson Davis,MS,40428,10969
1459,Jones,MS,49765,66250
1460,Kemper,MS,39625,8584
1461,Lafayette,MS,52791,58467
1462,Lamar,MS,51997,66217
1463,Lauderdale,MS,50952,70527
1464,Lawrence,MS,45871,11741
1465,Leake,MS,41066,21258
1466,Lee,MS,54255,82799
1467,Leflore,MS,51319,26378
1468,Lincoln,MS,47781,34702
1469,Lowndes,MS,51172,57283
1470,Madison,MS,86331,112511
1471,Marion,MS,42902,24224
1472,Marshall,MS,46470,34123
1473,Monroe,MS,44517,33609
1474,Montgomery,MS,42976,9600
1475,Neshoba,MS,47423,28789
1476,Newton,MS,41357,21019
1477,Noxubee,MS,44881,9914
1478,Oktibbeha,MS,42241,51203
1479,Panola,MS,43391,32669
1480,Pearl River,MS,47020,57978
1481,Perry,MS,40688,11315
1482,Pike,MS,39426,39394
1483,Pontotoc,MS,43359,31535
1484,Prentiss,MS,39413,25135
1485,Quitman,MS,44213,5546
1486,Rankin,MS,56864,160417
1487,Scott,MS,39510,27507
1488,Sharkey,MS,57998,3336
1489,Simpson,MS,47645,25715
1490,Smith,MS,47687,14099
1491,Stone,MS,42642,18756
1492,Sunflower,MS,39498,24468
1493,Tallahatchie,MS,44389,11837
1494,Tate,MS,47426,28261
1495,Tippah,MS,45880,21287
1496,Tishomingo,MS,45018,18507
1497,Tunica,MS,48516,9234
1498,Union,MS,42339,28284
1499,Walthall,MS,38989,13863
1500,Warren,MS,52095,42298
1501,Washington,MS,48299,41946
1502,Wayne,MS,46161,19703
1503,Webster,MS,47027,9988
1504,Wilkinson,MS,38503,8058
1505,Winston,MS,46075,17416
1506,Yalobusha,MS,44057,12386
1507,Yazoo,MS,38819,25796
1508,Adair,MO,40269,25122
1509,Andrew,MO,54504,18127
1510,Atchison,MO,56745,5107
1511,Audrain,MO,49114,24394
1512,Barry,MO,45250,35265
1513,Barton,MO,46659,11731
1514,Bates,MO,51168,16242
1515,Benton,MO,46819,20552
1516,Bollinger,MO,48705,10544
1517,Boone,MO,60158,189463
1518,Buchanan,MO,51741,82956
1519,Butler,MO,46048,41948
1520,Caldwell,MO,47876,8955
1521,Callaway,MO,50652,44731
1522,Camden,MO,55182,44044
1523,Cape Girardeau,MO,54568,82984
1524,Carroll,MO,62919,8391
1525,Carter,MO,50444,5303
1526,Cass,MO,59720,111732
1527,Cedar,MO,40183,14672
1528,Chariton,MO,55540,7399
1529,Christian,MO,52867,94422
1530,Clark,MO,46719,6641
1531,Clay,MO,60043,259772
1532,Clinton,MO,52880,21548
1533,Cole,MO,61479,77278
1534,Cooper,MO,54107,16947
1535,Crawford,MO,48462,22719
1536,Dade,MO,46071,7716
1537,Dallas,MO,42354,17768
1538,Daviess,MO,40834,8551
1539,DeKalb,MO,45223,9899
1540,Dent,MO,45672,14647
1541,Douglas,MO,39205,12228
1542,Dunklin,MO,46434,27032
1543,Franklin,MO,57522,106404
1544,Gasconade,MO,51240,14705
1545,Gentry,MO,52620,6287
1546,Greene,MO,56350,304611
1547,Grundy,MO,44052,9815
1548,Harrison,MO,46633,8220
1549,Henry,MO,53157,22485
1550,Hickory,MO,43094,8718
1551,Holt,MO,63237,4248
1552,Howard,MO,52740,10101
1553,Howell,MO,44649,40735
1554,Iron,MO,45057,9440
1555,Jackson,MO,57518,718560
1556,Jasper,MO,47246,125056
1557,Jefferson,MO,55195,231230
1558,Johnson,MO,46540,54962
1559,Knox,MO,49243,3723
1560,Laclede,MO,48249,36680
1561,Lafayette,MO,54277,33196
1562,Lawrence,MO,41827,38872
1563,Lewis,MO,45237,9818
1564,Lincoln,MO,53300,64699
1565,Linn,MO,49005,11791
1566,Livingston,MO,51058,14557
1567,McDonald,MO,38681,23903
1568,Macon,MO,54255,15161
1569,Madison,MO,45426,12698
1570,Maries,MO,45031,8430
1571,Marion,MO,52951,28336
1572,Mercer,MO,41562,3469
1573,Miller,MO,47083,25590
1574,Mississippi,MO,43102,11822
1575,Moniteau,MO,51834,15256
1576,Monroe,MO,56061,8698
1577,Montgomery,MO,54811,11459
1578,Morgan,MO,48877,21970
1579,New Madrid,MO,52752,15424
1580,Newton,MO,48357,60677
1581,Nodaway,MO,44338,20695
1582,Oregon,MO,47150,8720
1583,Osage,MO,56696,13468
1584,Ozark,MO,43767,8970
1585,Pemiscot,MO,49792,14613
1586,Perry,MO,53134,18950
1587,Pettis,MO,47237,43530
1588,Phelps,MO,48382,45284
1589,Pike,MO,45058,17935
1590,Platte,MO,73531,111940
1591,Polk,MO,46061,32780
1592,Pulaski,MO,48289,53812
1593,Putnam,MO,47948,4638
1594,Ralls,MO,52110,10489
1595,Randolph,MO,55106,24109
1596,Ray,MO,51625,23182
1597,Reynolds,MO,43956,5950
1598,Ripley,MO,48138,10806
1599,St. Charles,MO,69693,416659
1600,St. Clair,MO,40376,9752
1601,Ste. Genevieve,MO,50899,18642
1602,St. Francois,MO,45576,67058
1603,St. Louis,MO,101151,987059
1604,Saline,MO,51636,23049
1605,Schuyler,MO,45054,4053
1606,Scotland,MO,53928,4676
1607,Scott,MO,53227,37889
1608,Shannon,MO,43901,7238
1609,Shelby,MO,52995,5931
1610,Stoddard,MO,47497,28397
1611,Stone,MO,51791,32658
1612,Sullivan,MO,50451,5797
1613,Taney,MO,48862,56775
1614,Texas,MO,39031,25619
1615,Vernon,MO,47572,19710
1616,Warren,MO,55061,37806
1617,Washington,MO,40328,23534
1618,Wayne,MO,46365,10811
1619,Webster,MO,43890,41472
1620,Worth,MO,47533,1907
1621,Wright,MO,40817,19403
1622,St. Louis (Independent City),MO,63316,281754
1623,Beaverhead,MT,59595,9885
1624,Big Horn,MT,39605,12751
1625,Blaine,MT,38079,6899
1626,Broadwater,MT,55371,8032
1627,Carbon,MT,68244,11419
1628,Carter,MT,44997,1418
1629,Cascade,MT,60126,84900
1630,Chouteau,MT,56448,5847
1631,Custer,MT,55578,11985
1632,Daniels,MT,60973,1633
1633,Dawson,MT,53091,8810
1634,Deer Lodge,MT,51110,9673
1635,Fallon,MT,55859,2994
1636,Fergus,MT,54647,11772
1637,Flathead,MT,68725,113679
1638,Gallatin,MT,87254,126409
1639,Garfield,MT,48179,1211
1640,Glacier,MT,48573,13609
1641,Golden Valley,MT,55872,835
1642,Granite,MT,53768,3595
1643,Hill,MT,55344,16276
1644,Jefferson,MT,63881,13048
1645,Judith Basin,MT,58342,2093
1646,Lake,MT,49027,33338
1647,Lewis and Clark,MT,62214,75011
1648,Liberty,MT,71171,1974
1649,Lincoln,MT,47487,21895
1650,McCone,MT,51063,1676
1651,Madison,MT,75313,9521
1652,Meagher,MT,57679,2071
1653,Mineral,MT,48250,5090
1654,Missoula,MT,68344,121849
1655,Musselshell,MT,51852,5308
1656,Park,MT,67131,17903
1657,Petroleum,MT,38300,554
1658,Phillips,MT,45314,4249
1659,Pondera,MT,65512,6125
1660,Powder River,MT,46200,1743
1661,Powell,MT,53396,7133
1662,Prairie,MT,58179,1112
1663,Ravalli,MT,63195,47738
1664,Richland,MT,72410,11173
1665,Roosevelt,MT,45113,10319
1666,Rosebud,MT,55754,8160
1667,Sanders,MT,45599,13684
1668,Sheridan,MT,55175,3498
1669,Silver Bow,MT,60001,36360
1670,Stillwater,MT,68586,9173
1671,Sweet Grass,MT,60941,3763
1672,Teton,MT,60745,6430
1673,Toole,MT,64617,5133
1674,Treasure,MT,58733,772
1675,Valley,MT,60061,7474
1676,Wheatland,MT,52079,2057
1677,Wibaux,MT,45322,910
1678,Yellowstone,MT,68959,170843
1679,Adams,NE,68330,30899
1680,Antelope,NE,76372,6302
1681,Arthur,NE,70075,412
1682,Banner,NE,75754,674
1683,Blaine,NE,78261,436
1684,Boone,NE,79710,5310
1685,Box Butte,NE,58744,10692
1686,Boyd,NE,81977,1725
1687,Brown,NE,71794,2853
1688,Buffalo,NE,74630,50697
1689,Burt,NE,60531,6727
1690,Butler,NE,71971,8459
1691,Cass,NE,67310,27446
1692,Cedar,NE,71135,8262
1693,Chase,NE,80528,3724
1694,Cherry,NE,66828,5492
1695,Cheyenne,NE,53195,9541
1696,Clay,NE,69182,6116
1697,Colfax,NE,61048,10566
1698,Cuming,NE,87392,8918
1699,Custer,NE,65823,10581
1700,Dakota,NE,62463,21268
1701,Dawes,NE,50264,8133
1702,Dawson,NE,54945,24085
1703,Deuel,NE,48095,1871
1704,Dixon,NE,62851,5491
1705,Dodge,NE,65594,37187
1706,Douglas,NE,81570,589540
1707,Dundy,NE,107381,1561
1708,Fillmore,NE,82547,5548
1709,Franklin,NE,68950,2825
1710,Frontier,NE,66000,2585
1711,Furnas,NE,70215,4556
1712,Gage,NE,80101,21634
1713,Garden,NE,62438,1794
1714,Garfield,NE,60193,1763
1715,Gosper,NE,74113,1847
1716,Grant,NE,61745,565
1717,Greeley,NE,75828,2219
1718,Hall,NE,59802,62197
1719,Hamilton,NE,73733,9537
1720,Harlan,NE,74351,3045
1721,Hayes,NE,89965,846
1722,Hitchcock,NE,67709,2552
1723,Holt,NE,70612,10093
1724,Hooker,NE,53697,679
1725,Howard,NE,62103,6527
1726,Jefferson,NE,63034,7054
1727,Johnson,NE,48024,5198
1728,Kearney,NE,94356,6770
1729,Keith,NE,60135,8113
1730,Keya Paha,NE,66245,805
1731,Kimball,NE,65186,3289
1732,Knox,NE,66048,8298
1733,Lancaster,NE,66280,326716
1734,Lincoln,NE,72970,33365
1735,Logan,NE,71302,655
1736,Loup,NE,76269,592
1737,McPherson,NE,86039,383
1738,Madison,NE,67240,35627
1739,Merrick,NE,64821,7755
1740,Morrill,NE,78663,4504
1741,Nance,NE,61894,3274
1742,Nemaha,NE,59432,7076
1743,Nuckolls,NE,79865,4095
1744,Otoe,NE,62848,16335
1745,Pawnee,NE,63343,2512
1746,Perkins,NE,90815,2795
1747,Phelps,NE,70667,9057
1748,Pierce,NE,117544,7299
1749,Platte,NE,62340,34609
1750,Polk,NE,76182,5228
1751,Red Willow,NE,60705,10457
1752,Richardson,NE,61331,7689
1753,Rock,NE,94000,1271
1754,Saline,NE,56359,14555
1755,Sarpy,NE,66625,199886
1756,Saunders,NE,71628,23463
1757,Scotts Bluff,NE,57327,35699
1758,Seward,NE,68090,17671
1759,Sheridan,NE,70339,4928
1760,Sherman,NE,65396,2983
1761,Sioux,NE,81581,1154
1762,Stanton,NE,66754,5856
1763,Thayer,NE,71989,4829
1764,Thomas,NE,66656,677
1765,Thurston,NE,67487,6557
1766,Valley,NE,75469,4012
1767,Washington,NE,74042,21152
1768,Wayne,NE,58154,9874
1769,Webster,NE,65987,3351
1770,Wheeler,NE,78826,775
1771,York,NE,68781,14356
1772,Churchill,NV,56685,25803
1773,Clark,NV,63767,2336573
1774,Douglas,NV,100931,49545
1775,Elko,NV,56996,54293
1776,Esmeralda,NV,59971,736
1777,Eureka,NV,49792,1917
1778,Humboldt,NV,58033,17136
1779,Lander,NV,77150,5769
1780,Lincoln,NV,49718,4452
1781,Lyon,NV,50379,62583
1782,Mineral,NV,50305,4528
1783,Nye,NV,44626,55720
1784,Pershing,NV,42673,6364
1785,Storey,NV,79728,4177
1786,Washoe,NV,81371,498022
1787,White Pine,NV,63243,8522
1788,Carson City (Independent City),NV,63498,58036
1789,Belknap,NH,79465,65027
1790,Carroll,NH,78581,52448
1791,Cheshire,NH,67094,77703
1792,Coos,NH,55665,31372
1793,Grafton,NH,79934,93146
1794,Hillsborough,NH,76187,427354
1795,Merrimack,NH,73531,157103
1796,Rockingham,NH,97082,320689
1797,Strafford,NH,65643,133243
1798,Sullivan,NH,68216,43969
1799,Atlantic,NJ,60493,275213
1800,Bergen,NJ,102229,957736
1801,Burlington,NJ,74684,469167
1802,Camden,NJ,64987,527196
1803,Cape May,NJ,78963,94610
1804,Cumberland,NJ,49367,152326
1805,Essex,NJ,80460,851117
1806,Gloucester,NJ,66061,308423
1807,Hudson,NJ,79982,705472
1808,Hunterdon,NJ,105801,130183
1809,Mercer,NJ,84392,381671
1810,Middlesex,NJ,75352,863623
1811,Monmouth,NJ,100477,642799
1812,Morris,NJ,115850,514423
1813,Ocean,NJ,62195,659197
1814,Passaic,NJ,60002,513395
1815,Salem,NJ,57119,65338
1816,Somerset,NJ,121076,348842
1817,Sussex,NJ,75364,146132
1818,Union,NJ,82502,572726
1819,Warren,NJ,66483,111252
1820,Bernalillo,NM,58895,671586
1821,Catron,NM,41950,3825
1822,Chaves,NM,52720,63561
1823,Cibola,NM,35144,26780
1824,Colfax,NM,51567,12255
1825,Curry,NM,56323,47222
1826,De Baca,NM,62571,1657
1827,Doa Ana,NM,47712,225210
1828,Eddy,NM,76555,60275
1829,Grant,NM,52958,27472
1830,Guadalupe,NM,45873,4292
1831,Harding,NM,48556,624
1832,Hidalgo,NM,56047,3965
1833,Lea,NM,58422,72101
1834,Lincoln,NM,54474,20029
1835,Los Alamos,NM,91773,19444
1836,Luna,NM,40299,25316
1837,McKinley,NM,36133,68797
1838,Mora,NM,56989,4123
1839,Otero,NM,43353,68835
1840,Quay,NM,47250,8510
1841,Rio Arriba,NM,45521,39876
1842,Roosevelt,NM,51180,18787
1843,Sandoval,NM,56559,155936
1844,San Juan,NM,46055,120675
1845,San Miguel,NM,46983,26668
1846,Santa Fe,NM,77717,155956
1847,Sierra,NM,49743,11488
1848,Socorro,NM,45149,15963
1849,Taos,NM,49430,34405
1850,Torrance,NM,47308,15633
1851,Union,NM,40654,3964
1852,Valencia,NM,46944,79141
1853,Albany,NY,78464,316659
1854,Allegany,NY,42832,46651
1855,Bronx,NY,44736,1356476
1856,Broome,NY,52147,196077
1857,Cattaraugus,NY,48342,75600
1858,Cayuga,NY,53644,74485
1859,Chautauqua,NY,49640,124891
1860,Chemung,NY,53850,81325
1861,Chenango,NY,54527,45920
1862,Clinton,NY,55008,78115
1863,Columbia,NY,74642,60470
1864,Cortland,NY,50994,45752
1865,Delaware,NY,50348,44410
1866,Dutchess,NY,71391,297150
1867,Erie,NY,62207,946147
1868,Essex,NY,58326,36775
1869,Franklin,NY,53153,46502
1870,Fulton,NY,53781,52234
1871,Genesee,NY,53104,57529
1872,Greene,NY,61918,47062
1873,Hamilton,NY,59276,5082
1874,Herkimer,NY,52027,59484
1875,Jefferson,NY,54926,114787
1876,Kings,NY,67081,2561225
1877,Lewis,NY,56060,26548
1878,Livingston,NY,53117,61158
1879,Madison,NY,58687,66921
1880,Monroe,NY,63593,748482
1881,Montgomery,NY,50879,49368
1882,Nassau,NY,104873,1381715
1883,New York,NY,214991,1597451
1884,Niagara,NY,56135,209457
1885,Oneida,NY,56075,227555
1886,Onondaga,NY,63854,467873
1887,Ontario,NY,64723,112494
1888,Orange,NY,60539,407470
1889,Orleans,NY,48729,39124
1890,Oswego,NY,49548,118162
1891,Otsego,NY,53098,60126
1892,Putnam,NY,84598,98060
1893,Queens,NY,60271,2252196
1894,Rensselaer,NY,60836,159305
1895,Richmond,NY,66807,490687
1896,Rockland,NY,71330,340807
1897,St. Lawrence,NY,47495,106940
1898,Saratoga,NY,81008,238711
1899,Schenectady,NY,60259,159902
1900,Schoharie,NY,53174,30105
1901,Schuyler,NY,52126,17507
1902,Seneca,NY,50044,32349
1903,Steuben,NY,56349,92162
1904,Suffolk,NY,88816,1523170
1905,Sullivan,NY,57831,79920
1906,Tioga,NY,54765,47715
1907,Tompkins,NY,54159,103558
1908,Ulster,NY,66314,182333
1909,Warren,NY,66384,65380
1910,Washington,NY,51044,60047
1911,Wayne,NY,57109,90829
1912,Westchester,NY,130834,990817
1913,Wyoming,NY,50759,39532
1914,Yates,NY,51837,24472
1915,Alamance,NC,51405,179165
1916,Alexander,NC,49694,36473
1917,Alleghany,NC,46732,11342
1918,Anson,NC,51004,21897
1919,Ashe,NC,48453,27063
1920,Avery,NC,50256,17561
1921,Beaufort,NC,57387,44481
1922,Bertie,NC,49592,16922
1923,Bladen,NC,50481,29484
1924,Brunswick,NC,62104,159964
1925,Buncombe,NC,66288,275901
1926,Burke,NC,47560,88338
1927,Cabarrus,NC,57694,240016
1928,Caldwell,NC,47398,80574
1929,Camden,NC,60407,11137
1930,Carteret,NC,68500,69615
1931,Caswell,NC,43437,22807
1932,Catawba,NC,57624,164645
1933,Chatham,NC,85995,81624
1934,Cherokee,NC,41999,29959
1935,Chowan,NC,54599,13891
1936,Clay,NC,47138,11864
1937,Cleveland,NC,47778,101378
1938,Columbus,NC,45922,50121
1939,Craven,NC,58120,102391
1940,Cumberland,NC,48345,337890
1941,Currituck,NC,63750,31593
1942,Dare,NC,79309,38110
1943,Davidson,NC,51406,174804
1944,Davie,NC,63324,44599
1945,Duplin,NC,53711,49520
1946,Durham,NC,64059,336892
1947,Edgecombe,NC,47194,48832
1948,Forsyth,NC,60481,392921
1949,Franklin,NC,49691,77001
1950,Gaston,NC,52373,237242
1951,Gates,NC,52872,10343
1952,Graham,NC,44387,8052
1953,Granville,NC,49896,62192
1954,Greene,NC,40266,20530
1955,Guilford,NC,59170,549866
1956,Halifax,NC,46895,47298
1957,Harnett,NC,47518,141477
1958,Haywood,NC,53755,62969
1959,Henderson,NC,59258,119230
1960,Hertford,NC,46092,19453
1961,Hoke,NC,43213,54446
1962,Hyde,NC,52292,4607
1963,Iredell,NC,66843,199710
1964,Jackson,NC,46605,44574
1965,Johnston,NC,52757,241955
1966,Jones,NC,49621,9401
1967,Lee,NC,53310,67059
1968,Lenoir,NC,53456,54895
1969,Lincoln,NC,61859,95675
1970,McDowell,NC,47124,44893
1971,Macon,NC,52844,38412
1972,Madison,NC,47811,22071
1973,Martin,NC,44368,21447
1974,Mecklenburg,NC,82500,1163701
1975,Mitchell,NC,47047,14999
1976,Montgomery,NC,48050,26085
1977,Moore,NC,68180,106898
1978,Nash,NC,53389,96551
1979,New Hanover,NC,64831,238852
1980,Northampton,NC,49507,16715
1981,Onslow,NC,53594,213676
1982,Orange,NC,82487,150626
1983,Pamlico,NC,56687,12423
1984,Pasquotank,NC,50974,41444
1985,Pender,NC,53382,68521
1986,Perquimans,NC,56511,13377
1987,Person,NC,48911,39737
1988,Pitt,NC,56956,175119
1989,Polk,NC,67589,20060
1990,Randolph,NC,48970,147458
1991,Richmond,NC,47384,42324
1992,Robeson,NC,43550,117365
1993,Rockingham,NC,48622,92518
1994,Rowan,NC,49008,151661
1995,Rutherford,NC,44091,65507
1996,Sampson,NC,46676,59601
1997,Scotland,NC,42838,34376
1998,Stanly,NC,50394,65699
1999,Stokes,NC,49687,45532
2000,Surry,NC,51241,71462
2001,Swain,NC,55328,13916
2002,Transylvania,NC,60160,33549
2003,Tyrrell,NC,46213,3461
2004,Union,NC,72553,256452
2005,Vance,NC,45762,42301
2006,Wake,NC,81322,1190275
2007,Warren,NC,39006,18836
2008,Washington,NC,48759,10713
2009,Watauga,NC,53013,54748
2010,Wayne,NC,50748,118686
2011,Wilkes,NC,49350,66013
2012,Wilson,NC,52627,78970
2013,Yadkin,NC,49886,37774
2014,Yancey,NC,45449,18938
2015,Adams,ND,54673,2163
2016,Barnes,ND,74136,10726
2017,Benson,ND,60006,5745
2018,Billings,ND,89603,1034
2019,Bottineau,ND,82191,6349
2020,Bowman,ND,72257,2867
2021,Burke,ND,89281,2134
2022,Burleigh,ND,75321,100012
2023,Cass,ND,73185,196362
2024,Cavalier,ND,106795,3596
2025,Dickey,ND,99866,4900
2026,Divide,ND,68807,2135
2027,Dunn,ND,103731,4019
2028,Eddy,ND,83562,2263
2029,Emmons,ND,69003,3224
2030,Foster,ND,83274,3309
2031,Golden Valley,ND,49510,1743
2032,Grand Forks,ND,63280,72708
2033,Grant,ND,53999,2215
2034,Griggs,ND,86194,2248
2035,Hettinger,ND,55263,2415
2036,Kidder,ND,77327,2342
2037,LaMoure,ND,91051,4096
2038,Logan,ND,72030,1869
2039,McHenry,ND,75774,5131
2040,McIntosh,ND,74321,2488
2041,McKenzie,ND,84357,14252
2042,McLean,ND,72821,9832
2043,Mercer,ND,66823,8309
2044,Morton,ND,63288,33895
2045,Mountrail,ND,80515,9383
2046,Nelson,ND,83523,2991
2047,Oliver,ND,55494,1879
2048,Pembina,ND,83598,6661
2049,Pierce,ND,66771,3902
2050,Ramsey,ND,67469,11463
2051,Ransom,ND,78909,5603
2052,Renville,ND,94262,2279
2053,Richland,ND,70746,16558
2054,Rolette,ND,56859,11728
2055,Sargent,ND,96135,3776
2056,Sheridan,ND,67934,1266
2057,Sioux,ND,37765,3643
2058,Slope,ND,47105,674
2059,Stark,ND,71645,33001
2060,Steele,ND,97896,1782
2061,Stutsman,ND,68370,21392
2062,Towner,ND,101180,2030
2063,Traill,ND,72754,7908
2064,Walsh,ND,70222,10305
2065,Ward,ND,66524,68332
2066,Wells,ND,89429,3876
2067,Williams,ND,75412,39113
2068,Adams,OH,46026,27521
2069,Allen,OH,54010,100838
2070,Ashland,OH,51242,52190
2071,Ashtabula,OH,50508,96845
2072,Athens,OH,42018,62706
2073,Auglaize,OH,60383,46050
2074,Belmont,OH,51534,64918
2075,Brown,OH,49102,43777
2076,Butler,OH,58192,393043
2077,Carroll,OH,50809,26758
2078,Champaign,OH,51945,38845
2079,Clark,OH,50553,134610
2080,Clermont,OH,63599,211972
2081,Clinton,OH,53901,41938
2082,Columbiana,OH,47871,100182
2083,Coshocton,OH,44741,36869
2084,Crawford,OH,48370,41529
2085,Cuyahoga,OH,68360,1233088
2086,Darke,OH,56920,51415
2087,Defiance,OH,50168,38315
2088,Delaware,OH,93124,231636
2089,Erie,OH,61964,74035
2090,Fairfield,OH,58194,165360
2091,Fayette,OH,49752,28817
2092,Franklin,OH,63874,1326063
2093,Fulton,OH,56773,42007
2094,Gallia,OH,50025,28986
2095,Geauga,OH,86579,95407
2096,Greene,OH,64628,169691
2097,Guernsey,OH,51043,38089
2098,Hamilton,OH,75833,827058
2099,Hancock,OH,62204,74704
2100,Hardin,OH,42958,30368
2101,Harrison,OH,50642,14159
2102,Henry,OH,55580,27520
2103,Highland,OH,46608,43614
2104,Hocking,OH,48115,27540
2105,Holmes,OH,60632,44386
2106,Huron,OH,50983,58199
2107,Jackson,OH,43799,32606
2108,Jefferson,OH,48346,64026
2109,Knox,OH,55379,63320
2110,Lake,OH,63667,231640
2111,Lawrence,OH,51367,56118
2112,Licking,OH,58710,183201
2113,Logan,OH,51515,46057
2114,Lorain,OH,59141,317910
2115,Lucas,OH,57012,425484
2116,Madison,OH,54404,44602
2117,Mahoning,OH,54630,225596
2118,Marion,OH,45112,64851
2119,Medina,OH,70562,184042
2120,Meigs,OH,44864,21767
2121,Mercer,OH,67802,42439
2122,Miami,OH,60457,110876
2123,Monroe,OH,44894,13153
2124,Montgomery,OH,58304,533796
2125,Morgan,OH,45751,13646
2126,Morrow,OH,51281,35595
2127,Muskingum,OH,52225,86305
2128,Noble,OH,33492,14311
2129,Ottawa,OH,66465,39803
2130,Paulding,OH,54129,18706
2131,Perry,OH,48777,35551
2132,Pickaway,OH,52884,61086
2133,Pike,OH,48745,27001
2134,Portage,OH,57326,162665
2135,Preble,OH,52241,40556
2136,Putnam,OH,63830,34199
2137,Richland,OH,48116,125064
2138,Ross,OH,46934,76501
2139,Sandusky,OH,52046,58709
2140,Scioto,OH,49423,71969
2141,Seneca,OH,50248,54527
2142,Shelby,OH,55606,47765
2143,Stark,OH,56961,372716
2144,Summit,OH,64598,535733
2145,Trumbull,OH,49159,200373
2146,Tuscarawas,OH,57335,91874
2147,Union,OH,73664,69637
2148,Van Wert,OH,53340,28704
2149,Vinton,OH,43796,12474
2150,Warren,OH,77881,252148
2151,Washington,OH,55168,58577
2152,Wayne,OH,58161,116510
2153,Williams,OH,52187,36591
2154,Wood,OH,59887,132650
2155,Wyandot,OH,59710,21457
2156,Adair,OK,42679,19627
2157,Alfalfa,OK,48610,5673
2158,Atoka,OK,37738,14525
2159,Beaver,OK,69284,5018
2160,Beckham,OK,42510,22042
2161,Blaine,OK,54975,8539
2162,Bryan,OK,46331,48967
2163,Caddo,OK,47172,26214
2164,Canadian,OK,56000,175829
2165,Carter,OK,53086,48596
2166,Cherokee,OK,43232,48185
2167,Choctaw,OK,43172,14276
2168,Cimarron,OK,80911,2191
2169,Cleveland,OK,54522,301193
2170,Coal,OK,46976,5266
2171,Comanche,OK,51375,121574
2172,Cotton,OK,54529,5427
2173,Craig,OK,47115,14494
2174,Creek,OK,50595,73332
2175,Custer,OK,49244,28266
2176,Delaware,OK,46212,41703
2177,Dewey,OK,60783,4286
2178,Ellis,OK,63914,3648
2179,Garfield,OK,51152,62023
2180,Garvin,OK,50882,25865
2181,Grady,OK,50790,57375
2182,Grant,OK,62676,4083
2183,Greer,OK,39560,5466
2184,Harmon,OK,60399,2392
2185,Harper,OK,66533,3190
2186,Haskell,OK,46167,11832
2187,Hughes,OK,46378,13436
2188,Jackson,OK,54031,24669
2189,Jefferson,OK,44947,5347
2190,Johnston,OK,50204,10216
2191,Kay,OK,49623,43641
2192,Kingfisher,OK,73533,15481
2193,Kiowa,OK,47696,8398
2194,Latimer,OK,42400,9526
2195,Le Flore,OK,43023,49596
2196,Lincoln,OK,46586,34562
2197,Logan,OK,51254,53029
2198,Love,OK,45712,10296
2199,McClain,OK,58603,47072
2200,McCurtain,OK,46108,30660
2201,McIntosh,OK,44389,19603
2202,Major,OK,51281,7581
2203,Marshall,OK,48734,15970
2204,Mayes,OK,47773,39889
2205,Murray,OK,51005,13754
2206,Muskogee,OK,47792,66677
2207,Noble,OK,53893,10832
2208,Nowata,OK,49125,9438
2209,Okfuskee,OK,40201,11300
2210,Oklahoma,OK,72954,808866
2211,Okmulgee,OK,45207,37035
2212,Osage,OK,45299,46130
2213,Ottawa,OK,47987,30287
2214,Pawnee,OK,45758,15864
2215,Payne,OK,47401,83352
2216,Pittsburg,OK,45267,43479
2217,Pontotoc,OK,56112,38396
2218,Pottawatomie,OK,49485,73791
2219,Pushmataha,OK,41900,10800
2220,Roger Mills,OK,55166,3295
2221,Rogers,OK,55985,100248
2222,Seminole,OK,44566,23565
2223,Sequoyah,OK,44534,40291
2224,Stephens,OK,53673,44014
2225,Texas,OK,62433,20371
2226,Tillman,OK,41237,6869
2227,Tulsa,OK,78619,682868
2228,Wagoner,OK,51664,89280
2229,Washington,OK,111286,53706
2230,Washita,OK,42987,10736
2231,Woods,OK,52976,8564
2232,Woodward,OK,44533,19947
2233,Baker,OR,52392,16912
2234,Benton,OR,60307,97713
2235,Clackamas,OR,80269,423173
2236,Clatsop,OR,60930,41102
2237,Columbia,OR,59020,53880
2238,Coos,OR,59838,64212
2239,Crook,OR,57968,26952
2240,Curry,OR,57405,23296
2241,Deschutes,OR,81025,208513
2242,Douglas,OR,52684,112435
2243,Gilliam,OR,71618,2026
2244,Grant,OR,54969,7215
2245,Harney,OR,53228,7440
2246,Hood River,OR,71946,23745
2247,Jackson,OR,62541,220768
2248,Jefferson,OR,46111,25454
2249,Josephine,OR,55038,87821
2250,Klamath,OR,51246,70003
2251,Lake,OR,50163,8293
2252,Lane,OR,61634,381181
2253,Lincoln,OR,59715,50821
2254,Linn,OR,57016,131496
2255,Malheur,OR,40360,32044
2256,Marion,OR,58470,346741
2257,Morrow,OR,58480,12302
2258,Multnomah,OR,75772,789698
2259,Polk,OR,55086,89805
2260,Sherman,OR,66483,1951
2261,Tillamook,OR,61950,27417
2262,Umatilla,OR,53253,80053
2263,Union,OR,53469,25944
2264,Wallowa,OR,59576,7674
2265,Wasco,OR,56865,26333
2266,Washington,OR,79139,598865
2267,Wheeler,OR,49563,1436
2268,Yamhill,OR,61974,108644
2269,Adams,PA,58880,106748
2270,Allegheny,PA,75468,1224825
2271,Armstrong,PA,58854,64074
2272,Beaver,PA,58206,165631
2273,Bedford,PA,52510,47350
2274,Berks,PA,61575,432821
2275,Blair,PA,57782,120273
2276,Bradford,PA,50930,59695
2277,Bucks,PA,92846,645984
2278,Butler,PA,73039,198413
2279,Cambria,PA,50932,130668
2280,Cameron,PA,54148,4380
2281,Carbon,PA,62353,65458
2282,Centre,PA,57800,157795
2283,Chester,PA,108215,549784
2284,Clarion,PA,50175,36970
2285,Clearfield,PA,57841,77090
2286,Clinton,PA,48383,37607
2287,Columbia,PA,52692,65439
2288,Crawford,PA,51236,82001
2289,Cumberland,PA,68998,270738
2290,Dauphin,PA,60670,289234
2291,Delaware,PA,83368,576720
2292,Elk,PA,53862,30198
2293,Erie,PA,54694,267571
2294,Fayette,PA,51467,123915
2295,Forest,PA,30606,6449
2296,Franklin,PA,58380,157854
2297,Fulton,PA,49640,14468
2298,Greene,PA,52757,34357
2299,Huntingdon,PA,46957,43514
2300,Indiana,PA,48336,83094
2301,Jefferson,PA,50976,43612
2302,Juniata,PA,62851,23243
2303,Lackawanna,PA,56985,216123
2304,Lancaster,PA,66876,558589
2305,Lawrence,PA,53835,84472
2306,Lebanon,PA,58851,144252
2307,Lehigh,PA,65898,377754
2308,Luzerne,PA,53214,327388
2309,Lycoming,PA,53630,112724
2310,McKean,PA,51318,39519
2311,Mercer,PA,51133,108503
2312,Mifflin,PA,49197,45922
2313,Monroe,PA,54716,166053
2314,Montgomery,PA,101172,868742
2315,Montour,PA,70610,17860
2316,Northampton,PA,68050,319091
2317,Northumberland,PA,50445,90120
2318,Perry,PA,56411,46083
2319,Philadelphia,PA,61829,1550542
2320,Pike,PA,59543,61247
2321,Potter,PA,48180,15999
2322,Schuylkill,PA,52049,143786
2323,Snyder,PA,54472,39717
2324,Somerset,PA,49685,72197
2325,Sullivan,PA,59379,5834
2326,Susquehanna,PA,61452,38109
2327,Tioga,PA,47580,40840
2328,Union,PA,53495,42042
2329,Venango,PA,51568,49431
2330,Warren,PA,52057,37572
2331,Washington,PA,75091,210232
2332,Wayne,PA,57575,51262
2333,Westmoreland,PA,64021,351163
2334,Wyoming,PA,57180,25902
2335,York,PA,60915,464640
2336,Bristol,RI,92538,50255
2337,Kent,RI,72004,171278
2338,Newport,RI,89517,83832
2339,Providence,RI,58572,660615
2340,Washington,RI,83586,129982
2341,Abbeville,SC,43106,24434
2342,Aiken,SC,53883,177130
2343,Allendale,SC,46875,7369
2344,Anderson,SC,50288,213076
2345,Bamberg,SC,44564,12974
2346,Barnwell,SC,41338,20447
2347,Beaufort,SC,80192,198979
2348,Berkeley,SC,55131,255217
2349,Calhoun,SC,51945,14186
2350,Charleston,SC,83294,424367
2351,Cherokee,SC,41896,56714
2352,Chester,SC,44918,32226
2353,Chesterfield,SC,40396,44031
2354,Clarendon,SC,48457,31004
2355,Colleton,SC,46418,38874
2356,Darlington,SC,49772,62416
2357,Dillon,SC,40339,27698
2358,Dorchester,SC,51555,169833
2359,Edgefield,SC,50938,27607
2360,Fairfield,SC,52780,20422
2361,Florence,SC,54943,137214
2362,Georgetown,SC,61924,65731
2363,Greenville,SC,60866,558036
2364,Greenwood,SC,46153,69460
2365,Hampton,SC,44723,18122
2366,Horry,SC,51033,397478
2367,Jasper,SC,48687,33544
2368,Kershaw,SC,57000,69905
2369,Lancaster,SC,58926,108215
2370,Laurens,SC,43851,68873
2371,Lee,SC,44427,15967
2372,Lexington,SC,60682,309528
2373,McCormick,SC,49183,9941
2374,Marion,SC,43174,28508
2375,Marlboro,SC,38787,25704
2376,Newberry,SC,49870,38825
2377,Oconee,SC,57361,81221
2378,Orangeburg,SC,44277,82820
2379,Pickens,SC,49294,135495
2380,Richland,SC,57160,425138
2381,Saluda,SC,45923,19123
2382,Spartanburg,SC,53700,356698
2383,Sumter,SC,49704,104165
2384,Union,SC,40314,26629
2385,Williamsburg,SC,40528,29891
2386,York,SC,62604,298320
2387,Aurora,SD,62896,2782
2388,Beadle,SD,62173,19591
2389,Bennett,SD,50005,3305
2390,Bon Homme,SD,55240,7065
2391,Brookings,SD,62408,35980
2392,Brown,SD,75470,37733
2393,Brule,SD,74055,5311
2394,Buffalo,SD,36239,1884
2395,Butte,SD,51470,10863
2396,Campbell,SD,74502,1340
2397,Charles Mix,SD,57355,9240
2398,Clark,SD,92623,3948
2399,Clay,SD,49412,15431
2400,Codington,SD,67768,28971
2401,Corson,SD,39427,3782
2402,Custer,SD,68449,9117
2403,Davison,SD,67849,19922
2404,Day,SD,73994,5451
2405,Deuel,SD,75160,4354
2406,Dewey,SD,55915,5208
2407,Douglas,SD,76934,2838
2408,Edmunds,SD,93731,4057
2409,Fall River,SD,59842,7393
2410,Faulk,SD,92449,2151
2411,Grant,SD,74933,7553
2412,Gregory,SD,64034,4018
2413,Haakon,SD,84084,1851
2414,Hamlin,SD,69757,6451
2415,Hand,SD,88410,3107
2416,Hanson,SD,82440,3471
2417,Harding,SD,46360,1324
2418,Hughes,SD,67656,17624
2419,Hutchinson,SD,75370,7394
2420,Hyde,SD,76842,1186
2421,Jackson,SD,45622,2776
2422,Jerauld,SD,83863,1660
2423,Jones,SD,68393,855
2424,Kingsbury,SD,81021,5276
2425,Lake,SD,89740,11031
2426,Lawrence,SD,75362,28053
2427,Lincoln,SD,88589,73238
2428,Lyman,SD,57455,3705
2429,McCook,SD,73312,5809
2430,McPherson,SD,78240,2334
2431,Marshall,SD,78539,4390
2432,Meade,SD,57635,30954
2433,Mellette,SD,49520,1851
2434,Miner,SD,82324,2280
2435,Minnehaha,SD,74873,206930
2436,Moody,SD,71327,6450
2437,Oglala Lakota,SD,36222,13434
2438,Pennington,SD,73485,115903
2439,Perkins,SD,53149,2834
2440,Potter,SD,78059,2413
2441,Roberts,SD,56917,10206
2442,Sanborn,SD,73160,2399
2443,Spink,SD,97495,6166
2444,Stanley,SD,79790,3043
2445,Sully,SD,98031,1494
2446,Todd,SD,37812,9199
2447,Tripp,SD,67191,5621
2448,Turner,SD,78376,9027
2449,Union,SD,139931,17183
2450,Walworth,SD,65619,5269
2451,Yankton,SD,70996,23517
2452,Ziebach,SD,37969,2322
2453,Anderson,TN,56260,80234
2454,Bedford,TN,47850,53055
2455,Benton,TN,43832,16103
2456,Bledsoe,TN,36038,15060
2457,Blount,TN,58447,141456
2458,Bradley,TN,50014,111579
2459,Campbell,TN,44694,40223
2460,Cannon,TN,48732,15063
2461,Carroll,TN,44182,28860
2462,Carter,TN,42833,57022
2463,Cheatham,TN,59907,42254
2464,Chester,TN,43542,17606
2465,Claiborne,TN,44367,32654
2466,Clay,TN,39424,7714
2467,Cocke,TN,42387,37404
2468,Coffee,TN,50163,60633
2469,Crockett,TN,50106,13982
2470,Cumberland,TN,48091,64760
2471,Davidson,TN,92496,712334
2472,Decatur,TN,52005,11656
2473,DeKalb,TN,50940,21225
2474,Dickson,TN,54986,56729
2475,Dyer,TN,53828,36498
2476,Fayette,TN,81728,44175
2477,Fentress,TN,43102,19696
2478,Franklin,TN,49891,44654
2479,Gibson,TN,49536,51045
2480,Giles,TN,47548,30721
2481,Grainger,TN,45678,24681
2482,Greene,TN,44945,72577
2483,Grundy,TN,40453,13955
2484,Hamblen,TN,50094,66216
2485,Hamilton,TN,65525,379864
2486,Hancock,TN,33223,6956
2487,Hardeman,TN,36966,25567
2488,Hardin,TN,47525,27229
2489,Hawkins,TN,44192,58600
2490,Haywood,TN,40397,17328
2491,Henderson,TN,48395,28070
2492,Henry,TN,55959,32554
2493,Hickman,TN,45298,25826
2494,Houston,TN,41112,8393
2495,Humphreys,TN,47364,19209
2496,Jackson,TN,40132,12363
2497,Jefferson,TN,48184,57838
2498,Johnson,TN,40345,18375
2499,Knox,TN,67323,500669
2500,Lake,TN,32554,6347
2501,Lauderdale,TN,41198,24610
2502,Lawrence,TN,43273,46114
2503,Lewis,TN,44554,13066
2504,Lincoln,TN,51229,36169
2505,Loudon,TN,70063,60591
2506,McMinn,TN,45629,55678
2507,McNairy,TN,40085,26163
2508,Macon,TN,41530,26793
2509,Madison,TN,55537,99193
2510,Marion,TN,51590,29382
2511,Marshall,TN,50555,36961
2512,Maury,TN,57191,110760
2513,Meigs,TN,41017,13691
2514,Monroe,TN,44350,48594
2515,Montgomery,TN,52478,239872
2516,Moore,TN,51017,6748
2517,Morgan,TN,40237,21573
2518,Obion,TN,51945,30411
2519,Overton,TN,42000,23327
2520,Perry,TN,37048,8891
2521,Pickett,TN,42545,5128
2522,Polk,TN,42519,18033
2523,Putnam,TN,51132,83844
2524,Rhea,TN,45745,33924
2525,Roane,TN,53353,56096
2526,Robertson,TN,56484,76776
2527,Rutherford,TN,54623,367101
2528,Scott,TN,39326,22171
2529,Sequatchie,TN,48254,17161
2530,Sevier,TN,57533,99415
2531,Shelby,TN,61979,910042
2532,Smith,TN,50388,20538
2533,Stewart,TN,50483,14222
2534,Sullivan,TN,54453,162135
2535,Sumner,TN,67865,207994
2536,Tipton,TN,52829,62015
2537,Trousdale,TN,40015,12271
2538,Unicoi,TN,45593,17756
2539,Union,TN,43407,20741
2540,Van Buren,TN,36828,6493
2541,Warren,TN,44375,42638
2542,Washington,TN,55967,138420
2543,Wayne,TN,38758,16066
2544,Weakley,TN,47451,33084
2545,White,TN,42866,28692
2546,Williamson,TN,128610,264460
2547,Wilson,TN,68675,163674
2548,Anderson,TX,46478,57736
2549,Andrews,TX,57526,18664
2550,Angelina,TX,51080,87319
2551,Aransas,TX,68361,25374
2552,Archer,TX,67573,9029
2553,Armstrong,TX,71357,1832
2554,Atascosa,TX,48387,51784
2555,Austin,TX,65441,31677
2556,Bailey,TX,57209,6672
2557,Bandera,TX,62073,22637
2558,Bastrop,TX,47331,110778
2559,Baylor,TX,62964,3463
2560,Bee,TX,37156,30850
2561,Bell,TX,51898,393193
2562,Bexar,TX,57096,2087679
2563,Blanco,TX,78045,13048
2564,Borden,TX,155670,572
2565,Bosque,TX,57123,18996
2566,Bowie,TX,51132,91687
2567,Brazoria,TX,60088,398938
2568,Brazos,TX,50236,244703
2569,Brewster,TX,58475,9513
2570,Briscoe,TX,62907,1445
2571,Brooks,TX,45257,6848
2572,Brown,TX,49825,38709
2573,Burleson,TX,61181,19475
2574,Burnet,TX,67112,53991
2575,Caldwell,TX,44202,49859
2576,Calhoun,TX,59827,19696
2577,Callahan,TX,54394,14374
2578,Cameron,TX,38523,426710
2579,Camp,TX,50426,13000
2580,Carson,TX,61595,5878
2581,Cass,TX,49130,28659
2582,Castro,TX,108479,7227
2583,Chambers,TX,65907,53876
2584,Cherokee,TX,46221,52217
2585,Childress,TX,44285,6788
2586,Clay,TX,57095,10738
2587,Cochran,TX,49855,2509
2588,Coke,TX,56377,3352
2589,Coleman,TX,62085,7842
2590,Collin,TX,86860,1195359
2591,Collingsworth,TX,58742,2563
2592,Colorado,TX,64084,21117
2593,Comal,TX,77224,193928
2594,Comanche,TX,55417,14050
2595,Concho,TX,41175,3297
2596,Cooke,TX,62126,43782
2597,Coryell,TX,39462,84878
2598,Cottle,TX,106885,1294
2599,Crane,TX,57616,4574
2600,Crockett,TX,68799,2858
2601,Crosby,TX,55085,4917
2602,Culberson,TX,96410,2196
2603,Dallam,TX,82618,7237
2604,Dallas,TX,79626,2606358
2605,Dawson,TX,54953,12004
2606,Deaf Smith,TX,75549,18347
2607,Delta,TX,49467,5520
2608,Denton,TX,77733,1007703
2609,DeWitt,TX,77489,19929
2610,Dickens,TX,56301,1711
2611,Dimmit,TX,55714,8257
2612,Donley,TX,52905,3214
2613,Duval,TX,52669,9604
2614,Eastland,TX,56246,18037
2615,Ector,TX,58961,164494
2616,Edwards,TX,82497,1393
2617,Ellis,TX,57977,222829
2618,El Paso,TX,46753,869880
2619,Erath,TX,53610,44195
2620,Falls,TX,47110,17286
2621,Fannin,TX,49380,37571
2622,Fayette,TX,72230,25474
2623,Fisher,TX,62676,3612
2624,Floyd,TX,51829,5090
2625,Foard,TX,65386,1079
2626,Fort Bend,TX,73855,916778
2627,Franklin,TX,56987,10735
2628,Freestone,TX,47097,20441
2629,Frio,TX,41270,17987
2630,Gaines,TX,56478,22523
2631,Galveston,TX,64574,361744
2632,Garza,TX,49585,4517
2633,Gillespie,TX,93310,27733
2634,Glasscock,TX,132049,1141
2635,Goliad,TX,62484,7144
2636,Gonzales,TX,64553,19930
2637,Gray,TX,53508,20916
2638,Grayson,TX,55946,146907
2639,Gregg,TX,59997,126243
2640,Grimes,TX,44487,32384
2641,Guadalupe,TX,58644,188454
2642,Hale,TX,45103,31761
2643,Hall,TX,49814,2818
2644,Hamilton,TX,70580,8619
2645,Hansford,TX,103818,5071
2646,Hardeman,TX,60392,3490
2647,Hardin,TX,56424,58261
2648,Harris,TX,73862,4835125
2649,Harrison,TX,50269,70895
2650,Hartley,TX,107013,5145
2651,Haskell,TX,53538,5385
2652,Hays,TX,64671,280486
2653,Hemphill,TX,90724,3189
2654,Henderson,TX,52297,86158
2655,Hidalgo,TX,34373,898471
2656,Hill,TX,52054,38101
2657,Hockley,TX,53348,21460
2658,Hood,TX,66521,67774
2659,Hopkins,TX,55098,38172
2660,Houston,TX,53657,22066
2661,Howard,TX,66751,30554
2662,Hudspeth,TX,41438,3451
2663,Hunt,TX,50287,113347
2664,Hutchinson,TX,52596,20033
2665,Irion,TX,85857,1549
2666,Jack,TX,52599,8875
2667,Jackson,TX,54702,15221
2668,Jasper,TX,53205,32694
2669,Jeff Davis,TX,67092,1856
2670,Jefferson,TX,50131,251496
2671,Jim Hogg,TX,44294,4720
2672,Jim Wells,TX,51458,38662
2673,Johnson,TX,55487,202906
2674,Jones,TX,41722,20381
2675,Karnes,TX,83442,15018
2676,Kaufman,TX,53843,185690
2677,Kendall,TX,110116,50537
2678,Kenedy,TX,45802,343
2679,Kent,TX,71715,734
2680,Kerr,TX,69038,53915
2681,Kimble,TX,59148,4442
2682,King,TX,139825,217
2683,Kinney,TX,44642,3148
2684,Kleberg,TX,49333,30069
2685,Knox,TX,52798,3302
2686,Lamar,TX,51936,51127
2687,Lamb,TX,63169,12711
2688,Lampasas,TX,62665,23262
2689,La Salle,TX,50247,6537
2690,Lavaca,TX,71664,20571
2691,Lee,TX,59542,18240
2692,Leon,TX,62631,16538
2693,Liberty,TX,44184,108272
2694,Limestone,TX,52196,22250
2695,Lipscomb,TX,141712,2906
2696,Live Oak,TX,50483,11584
2697,Llano,TX,72121,22875
2698,Loving,TX,223419,43
2699,Lubbock,TX,54313,320940
2700,Lynn,TX,65814,5761
2701,McCulloch,TX,53630,7452
2702,McLennan,TX,53941,268583
2703,McMullen,TX,117599,568
2704,Madison,TX,45527,13742
2705,Marion,TX,52570,9571
2706,Martin,TX,107395,5216
2707,Mason,TX,63450,3931
2708,Matagorda,TX,53090,36359
2709,Maverick,TX,41009,57762
2710,Medina,TX,52854,54797
2711,Menard,TX,52791,1958
2712,Midland,TX,144532,177108
2713,Milam,TX,51236,25951
2714,Mills,TX,58522,4548
2715,Mitchell,TX,40541,9075
2716,Montague,TX,50251,21598
2717,Montgomery,TX,78644,711354
2718,Moore,TX,61988,21190
2719,Morris,TX,50538,12066
2720,Motley,TX,55185,1020
2721,Nacogdoches,TX,50541,65375
2722,Navarro,TX,46891,55635
2723,Newton,TX,44866,12039
2724,Nolan,TX,56320,14306
2725,Nueces,TX,56833,352289
2726,Ochiltree,TX,72100,9704
2727,Oldham,TX,89268,1783
2728,Orange,TX,51982,85722
2729,Palo Pinto,TX,54995,29747
2730,Panola,TX,60434,22838
2731,Parker,TX,74009,173494
2732,Parmer,TX,77006,9617
2733,Pecos,TX,49691,14623
2734,Polk,TX,49945,54186
2735,Potter,TX,58933,114647
2736,Presidio,TX,65420,5795
2737,Rains,TX,44559,12986
2738,Randall,TX,60604,148255
2739,Reagan,TX,71887,3141
2740,Real,TX,61576,2854
2741,Red River,TX,55403,11678
2742,Reeves,TX,76555,11770
2743,Refugio,TX,57772,6666
2744,Roberts,TX,64762,840
2745,Robertson,TX,58609,17267
2746,Rockwall,TX,77307,131307
2747,Runnels,TX,55707,9868
2748,Rusk,TX,47312,53079
2749,Sabine,TX,47303,10106
2750,San Augustine,TX,58852,7833
2751,San Jacinto,TX,47030,28936
2752,San Patricio,TX,53429,70660
2753,San Saba,TX,48235,5845
2754,Schleicher,TX,61904,2391
2755,Scurry,TX,54065,16212
2756,Shackelford,TX,91109,3229
2757,Shelby,TX,64203,24179
2758,Sherman,TX,173932,2678
2759,Smith,TX,66887,245209
2760,Somervell,TX,62988,9888
2761,Starr,TX,32785,65934
2762,Stephens,TX,49206,9343
2763,Sterling,TX,71876,1397
2764,Stonewall,TX,95644,1218
2765,Sutton,TX,75645,3221
2766,Swisher,TX,85037,6955
2767,Tarrant,TX,65765,2182947
2768,Taylor,TX,58181,146836
2769,Terrell,TX,66721,687
2770,Terry,TX,49822,11547
2771,Throckmorton,TX,53588,1526
2772,Titus,TX,52359,31357
2773,Tom Green,TX,65314,119057
2774,Travis,TX,91887,1334961
2775,Trinity,TX,49195,14228
2776,Tyler,TX,44662,20382
2777,Upshur,TX,46654,43281
2778,Upton,TX,88874,3109
2779,Uvalde,TX,55211,24960
2780,Val Verde,TX,50112,47720
2781,Van Zandt,TX,48399,64000
2782,Victoria,TX,58912,91664
2783,Walker,TX,35913,81268
2784,Waller,TX,55463,63553
2785,Ward,TX,67647,10966
2786,Washington,TX,73880,37007
2787,Webb,TX,42757,269148
2788,Wharton,TX,55902,41739
2789,Wheeler,TX,54067,4804
2790,Wichita,TX,55278,130180
2791,Wilbarger,TX,67115,12522
2792,Willacy,TX,35832,20037
2793,Williamson,TX,72828,697191
2794,Wilson,TX,59578,54183
2795,Winkler,TX,75821,7414
2796,Wise,TX,59092,78097
2797,Wood,TX,50764,47921
2798,Yoakum,TX,61028,7468
2799,Young,TX,69691,18124
2800,Zapata,TX,34154,13736
2801,Zavala,TX,47333,9312
2802,Beaver,UT,39982,7233
2803,Box Elder,UT,50990,62684
2804,Cache,UT,50603,142393
2805,Carbon,UT,49335,20609
2806,Daggett,UT,52788,992
2807,Davis,UT,62449,373207
2808,Duchesne,UT,51352,20477
2809,Emery,UT,42317,10144
2810,Garfield,UT,53930,5314
2811,Grand,UT,77028,9706
2812,Iron,UT,42301,64211
2813,Juab,UT,52701,13023
2814,Kane,UT,53294,8425
2815,Millard,UT,49823,13437
2816,Morgan,UT,71630,13000
2817,Piute,UT,61075,1550
2818,Rich,UT,52239,2670
2819,Salt Lake,UT,71787,1185813
2820,San Juan,UT,38753,14358
2821,Sanpete,UT,43717,30277
2822,Sevier,UT,46183,22344
2823,Summit,UT,259993,42759
2824,Tooele,UT,50274,82051
2825,Uintah,UT,41619,37747
2826,Utah,UT,57619,719174
2827,Wasatch,UT,92354,37144
2828,Washington,UT,54405,202452
2829,Wayne,UT,56495,2614
2830,Weber,UT,55832,271926
2831,Addison,VT,64395,37720
2832,Bennington,VT,65638,37183
2833,Caledonia,VT,53640,30610
2834,Chittenden,VT,76222,169481
2835,Essex,VT,47952,6010
2836,Franklin,VT,57298,50994
2837,Grand Isle,VT,74532,7467
2838,Lamoille,VT,68121,26060
2839,Orange,VT,59235,29943
2840,Orleans,VT,55293,27516
2841,Rutland,VT,61702,60271
2842,Washington,VT,73602,60142
2843,Windham,VT,59401,45966
2844,Windsor,VT,72177,58101
2845,Accomack,VA,52443,33239
2846,Amelia,VA,54587,13480
2847,Amherst,VA,47385,31396
2848,Appomattox,VA,47873,16864
2849,Arlington,VA,124345,234162
2850,Bath,VA,77195,4051
2851,Bedford,VA,57877,81525
2852,Bland,VA,46796,6179
2853,Botetourt,VA,64012,34125
2854,Brunswick,VA,45693,15749
2855,Buchanan,VA,49335,19087
2856,Buckingham,VA,39823,16978
2857,Caroline,VA,54299,32640
2858,Charles City,VA,61647,6610
2859,Charlotte,VA,47697,11336
2860,Chesterfield,VA,66800,383876
2861,Clarke,VA,82974,15466
2862,Craig,VA,50734,4843
2863,Culpeper,VA,60129,54973
2864,Cumberland,VA,48063,9878
2865,Dickenson,VA,44423,13640
2866,Essex,VA,55859,10598
2867,Fauquier,VA,86886,75165
2868,Floyd,VA,53008,15679
2869,Fluvanna,VA,57422,28462
2870,Franklin,VA,55820,55549
2871,Giles,VA,53100,16457
2872,Gloucester,VA,61214,40057
2873,Goochland,VA,125932,27197
2874,Grayson,VA,40784,15285
2875,Greene,VA,55760,21301
2876,Halifax,VA,47960,33432
2877,Hanover,VA,77005,114148
2878,Henrico,VA,77783,334760
2879,Highland,VA,50924,2339
2880,Isle of Wight,VA,69100,40711
2881,King and Queen,VA,59339,6720
2882,King George,VA,65579,28568
2883,King William,VA,57290,19030
2884,Lancaster,VA,82071,10859
2885,Lee,VA,41822,21745
2886,Loudoun,VA,102229,436347
2887,Louisa,VA,52957,41037
2888,Lunenburg,VA,41578,12038
2889,Madison,VA,60259,14128
2890,Mathews,VA,72439,8514
2891,Mecklenburg,VA,49625,30648
2892,Middlesex,VA,66200,10924
2893,Nelson,VA,67990,14705
2894,New Kent,VA,124129,26134
2895,Northampton,VA,65814,12021
2896,Northumberland,VA,64899,12391
2897,Nottoway,VA,46746,15566
2898,Orange,VA,62886,38574
2899,Page,VA,49221,23741
2900,Patrick,VA,42956,17509
2901,Powhatan,VA,72006,32105
2902,Prince Edward,VA,42333,22049
2903,Pulaski,VA,51836,33655
2904,Rappahannock,VA,89727,7414
2905,Richmond,VA,44081,9184
2906,Russell,VA,43189,25477
2907,Scott,VA,43448,21433
2908,Shenandoah,VA,56651,45228
2909,Smyth,VA,48244,29216
2910,Stafford,VA,68098,165428
2911,Surry,VA,55365,6593
2912,Sussex,VA,39253,10757
2913,Tazewell,VA,48157,39120
2914,Warren,VA,59324,41843
2915,Westmoreland,VA,53452,19013
2916,Wythe,VA,47343,28104
2917,Alexandria (Independent City),VA,115144,155230
2918,Chesapeake (Independent City),VA,62736,253886
2919,Hampton (Independent City),VA,52364,137098
2920,Newport News (Independent City),VA,50764,183118
2921,Norfolk (Independent City),VA,51434,230930
2922,Portsmouth (Independent City),VA,48985,96793
2923,Richmond (Independent City),VA,76912,229247
2924,Roanoke (Independent City),VA,56075,97171
2925,Suffolk (Independent City),VA,66130,100659
2926,Virginia Beach (Independent City),VA,72091,453649
2927,Albemarle + Charlottesville,VA,102987,160659
2928,Alleghany + Covington,VA,49149,20140
2929,Augusta,VA,55929,127344
2930,Campbell + Lynchburg,VA,48550,134805
2931,Carroll + Galax,VA,47671,35956
2932,Dinwiddie,VA,49623,80045
2933,Fairfax,VA,108855,1181707
2934,Frederick + Winchester,VA,65119,123611
2935,Greensville + Emporia,VA,42214,16596
2936,Henry + Martinsville,VA,50015,63465
2937,James City + Williamsburg,VA,81761,98501
2938,Montgomery + Radford,VA,49735,115637
2939,Pittsylvania + Danville,VA,48769,101408
2940,Prince George + Hopewell,VA,42550,65623
2941,Prince William,VA,68164,548697
2942,Roanoke + Salem,VA,63792,122626
2943,Rockbridge,VA,51661,36452
2944,Rockingham + Harrisonburg,VA,51573,137650
2945,Southampton + Franklin,VA,53011,26314
2946,Spotsylvania + Fredericksburg,VA,65590,178516
2947,Washington + Bristol,VA,50667,70857
2948,Wise + Norton,VA,44131,38666
2949,York + Poquoson,VA,73221,83587
2950,Adams,WA,52466,20820
2951,Asotin,WA,57199,22549
2952,Benton,WA,56969,215219
2953,Chelan,WA,68356,79997
2954,Clallam,WA,60321,77616
2955,Clark,WA,69318,521150
2956,Columbia,WA,62070,4053
2957,Cowlitz,WA,57947,112864
2958,Douglas,WA,51926,44798
2959,Ferry,WA,47534,7497
2960,Franklin,WA,48029,99034
2961,Garfield,WA,57405,2363
2962,Grant,WA,49727,102678
2963,Grays Harbor,WA,49968,77290
2964,Island,WA,70094,86267
2965,Jefferson,WA,68457,33714
2966,King,WA,122235,2271380
2967,Kitsap,WA,73841,277658
2968,Kittitas,WA,60053,45508
2969,Klickitat,WA,57126,23589
2970,Lewis,WA,59759,86154
2971,Lincoln,WA,51607,11738
2972,Mason,WA,54701,68389
2973,Okanogan,WA,52446,43712
2974,Pacific,WA,50282,24200
2975,Pend Oreille,WA,52605,14361
2976,Pierce,WA,65188,928696
2977,San Juan,WA,93395,18566
2978,Skagit,WA,67173,131417
2979,Skamania,WA,67073,12640
2980,Snohomish,WA,75320,844761
2981,Spokane,WA,58630,551455
2982,Stevens,WA,49484,48837
2983,Thurston,WA,65892,299003
2984,Wahkiakum,WA,54133,4765
2985,Walla Walla,WA,56420,61568
2986,Whatcom,WA,62095,231919
2987,Whitman,WA,48522,48012
2988,Yakima,WA,51488,256643
2989,Barbour,WV,42530,15378
2990,Berkeley,WV,54940,132440
2991,Boone,WV,43398,20576
2992,Braxton,WV,42520,12162
2993,Brooke,WV,53325,21373
2994,Cabell,WV,54209,92082
2995,Calhoun,WV,44580,5959
2996,Clay,WV,41070,7783
2997,Doddridge,WV,40875,7680
2998,Fayette,WV,47212,39072
2999,Gilmer,WV,38947,7254
3000,Grant,WV,47890,10921
3001,Greenbrier,WV,50142,32149
3002,Hampshire,WV,46417,23649
3003,Hancock,WV,53854,28145
3004,Hardy,WV,43439,14251
3005,Harrison,WV,63351,64639
3006,Jackson,WV,48978,27593
3007,Jefferson,WV,66514,59787
3008,Kanawha,WV,61400,174805
3009,Lewis,WV,46994,16500
3010,Lincoln,WV,38761,19701
3011,Logan,WV,46862,30827
3012,McDowell,WV,35813,17439
3013,Marion,WV,51911,55807
3014,Marshall,WV,51767,29405
3015,Mason,WV,44435,24765
3016,Mercer,WV,48086,58057
3017,Mineral,WV,49484,26867
3018,Mingo,WV,39157,22023
3019,Monongalia,WV,58418,107718
3020,Monroe,WV,42813,12382
3021,Morgan,WV,45801,17649
3022,Nicholas,WV,44299,24169
3023,Ohio,WV,67565,41194
3024,Pendleton,WV,52532,6029
3025,Pleasants,WV,53911,7428
3026,Pocahontas,WV,53487,7765
3027,Preston,WV,44252,34099
3028,Putnam,WV,58105,56962
3029,Raleigh,WV,51780,72356
3030,Randolph,WV,48669,27350
3031,Ritchie,WV,57425,8167
3032,Roane,WV,41660,13743
3033,Summers,WV,46136,11581
3034,Taylor,WV,52597,16388
3035,Tucker,WV,57622,6604
3036,Tyler,WV,62069,7919
3037,Upshur,WV,45382,23529
3038,Wayne,WV,44163,37686
3039,Webster,WV,34445,8045
3040,Wetzel,WV,47984,13890
3041,Wirt,WV,44759,5000
3042,Wood,WV,58971,83052
3043,Wyoming,WV,37028,20277
3044,Adams,WI,46249,21449
3045,Ashland,WI,49350,16079
3046,Barron,WI,60564,46833
3047,Bayfield,WI,55598,16769
3048,Brown,WI,65199,271417
3049,Buffalo,WI,57210,13419
3050,Burnett,WI,51815,17092
3051,Calumet,WI,61851,53199
3052,Chippewa,WI,56815,66970
3053,Clark,WI,50617,34774
3054,Columbia,WI,67169,58091
3055,Crawford,WI,51946,15944
3056,Dane,WI,77996,575347
3057,Dodge,WI,55856,88231
3058,Door,WI,78073,30562
3059,Douglas,WI,52634,44264
3060,Dunn,WI,50772,45794
3061,Eau Claire,WI,60575,107903
3062,Florence,WI,66422,4682
3063,Fond du Lac,WI,60018,103948
3064,Forest,WI,49367,9325
3065,Grant,WI,53781,51409
3066,Green,WI,65549,36951
3067,Green Lake,WI,53073,19344
3068,Iowa,WI,61591,23956
3069,Iron,WI,56207,6228
3070,Jackson,WI,52237,20855
3071,Jefferson,WI,58374,85743
3072,Juneau,WI,49419,26594
3073,Kenosha,WI,60599,167488
3074,Kewaunee,WI,58406,20690
3075,La Crosse,WI,62336,120486
3076,Lafayette,WI,55006,16945
3077,Langlade,WI,53770,19404
3078,Lincoln,WI,56296,28405
3079,Manitowoc,WI,57585,81331
3080,Marathon,WI,62707,138612
3081,Marinette,WI,53841,42106
3082,Marquette,WI,51068,15838
3083,Menominee,WI,42070,4226
3084,Milwaukee,WI,60114,916205
3085,Monroe,WI,52978,46151
3086,Oconto,WI,55183,39775
3087,Oneida,WI,60846,38226
3088,Outagamie,WI,64867,193234
3089,Ozaukee,WI,104780,93460
3090,Pepin,WI,64105,7441
3091,Pierce,WI,61101,43026
3092,Polk,WI,57391,45762
3093,Portage,WI,57490,71024
3094,Price,WI,55355,14102
3095,Racine,WI,62570,196613
3096,Richland,WI,53743,17197
3097,Rock,WI,56319,164278
3098,Rusk,WI,55836,14143
3099,St. Croix,WI,70354,96763
3100,Sauk,WI,66107,65920
3101,Sawyer,WI,54542,18552
3102,Shawano,WI,51974,41109
3103,Sheboygan,WI,63878,117752
3104,Taylor,WI,50834,20058
3105,Trempealeau,WI,52737,30899
3106,Vernon,WI,52023,31170
3107,Vilas,WI,65477,23885
3108,Walworth,WI,67665,105822
3109,Washburn,WI,58092,16930
3110,Washington,WI,73187,138168
3111,Waukesha,WI,91766,412591
3112,Waupaca,WI,56482,51388
3113,Waushara,WI,48666,24934
3114,Winnebago,WI,60180,171735
3115,Wood,WI,56746,73939
3116,Shawano (includes Menominee),WI,(NA),(NA)
3117,Albany,WY,54052,38257
3118,Big Horn,WY,50641,12018
3119,Campbell,WY,62147,47498
3120,Carbon,WY,68521,14334
3121,Converse,WY,70943,13809
3122,Crook,WY,63785,7592
3123,Fremont,WY,56891,39815
3124,Goshen,WY,54733,12642
3125,Hot Springs,WY,63816,4661
3126,Johnson,WY,70887,8759
3127,Laramie,WY,65150,100984
3128,Lincoln,WY,73432,20880
3129,Natrona,WY,79846,79941
3130,Niobrara,WY,59399,2354
3131,Park,WY,77015,30735
3132,Platte,WY,59292,8546
3133,Sheridan,WY,73622,32519
3134,Sublette,WY,70620,8969
3135,Sweetwater,WY,64115,41249
3136,Teton,WY,471751,23232
3137,Uinta,WY,49350,20745
3138,Washakie,WY,57474,7710
3139,Weston,WY,54380,6808
